2025-09-27 14:48:18,334 - SimulationCoordinator - INFO - Модуль BaseStation зарегистрирован
2025-09-27 14:48:18,338 - SimulationCoordinator - INFO - Модуль ResourceGrid зарегистрирован
2025-09-27 14:48:18,338 - SimulationCoordinator - INFO - Модуль ChannelModel зарегистрирован
2025-09-27 14:48:18,338 - SimulationCoordinator - INFO - Модуль MobilityModel зарегистрирован
2025-09-27 14:48:18,338 - SimulationCoordinator - INFO - Модуль TrafficModel зарегистрирован
2025-09-27 14:48:18,338 - SimulationCoordinator - INFO - Модуль Scheduler зарегистрирован
2025-09-27 14:48:18,339 - SimulationCoordinator - INFO - Модуль UE_1 зарегистрирован
2025-09-27 14:48:18,339 - SimulationCoordinator - INFO - Модуль UE_2 зарегистрирован
2025-09-27 14:48:18,339 - SimulationCoordinator - INFO - Модуль UE_3 зарегистрирован
2025-09-27 14:48:18,339 - SimulationCoordinator - INFO - Начало инициализации симуляции
2025-09-27 14:48:18,340 - Module.BaseStation - INFO - Модуль BaseStation инициализирован
2025-09-27 14:48:18,340 - SimulationCoordinator - INFO - Модуль BaseStation инициализирован
2025-09-27 14:48:18,340 - Module.ResourceGrid - INFO - Модуль ResourceGrid инициализирован
2025-09-27 14:48:18,340 - SimulationCoordinator - INFO - Модуль ResourceGrid инициализирован
2025-09-27 14:48:18,340 - Module.ChannelModel_UMi - INFO - Модуль ChannelModel_UMi инициализирован
2025-09-27 14:48:18,340 - SimulationCoordinator - INFO - Модуль ChannelModel инициализирован
2025-09-27 14:48:18,340 - Module.MobilityModel_RandomWalk - INFO - Модуль MobilityModel_RandomWalk инициализирован
2025-09-27 14:48:18,340 - SimulationCoordinator - INFO - Модуль MobilityModel инициализирован
2025-09-27 14:48:18,341 - Module.TrafficModel_Poisson - INFO - Модуль TrafficModel_Poisson инициализирован
2025-09-27 14:48:18,341 - SimulationCoordinator - INFO - Модуль TrafficModel инициализирован
2025-09-27 14:48:18,341 - Module.Scheduler_RoundRobin - INFO - Модуль Scheduler_RoundRobin инициализирован
2025-09-27 14:48:18,341 - SimulationCoordinator - INFO - Модуль Scheduler инициализирован
2025-09-27 14:48:18,341 - Module.UE_1 - INFO - Модуль UE_1 инициализирован
2025-09-27 14:48:18,341 - SimulationCoordinator - INFO - Модуль UE_1 инициализирован
2025-09-27 14:48:18,341 - Module.UE_2 - INFO - Модуль UE_2 инициализирован
2025-09-27 14:48:18,341 - SimulationCoordinator - INFO - Модуль UE_2 инициализирован
2025-09-27 14:48:18,341 - Module.UE_3 - INFO - Модуль UE_3 инициализирован
2025-09-27 14:48:18,341 - SimulationCoordinator - INFO - Модуль UE_3 инициализирован
2025-09-27 14:48:18,341 - SimulationCoordinator - INFO - Инициализация симуляции завершена
2025-09-27 14:48:18,341 - SimulationCoordinator - INFO - Запуск симуляции на 5000 мс
2025-09-27 14:48:18,341 - Module.BaseStation - INFO - Модуль BaseStation запущен
2025-09-27 14:48:18,342 - SimulationCoordinator - INFO - Модуль BaseStation запущен
2025-09-27 14:48:18,342 - Module.ResourceGrid - INFO - Модуль ResourceGrid запущен
2025-09-27 14:48:18,342 - SimulationCoordinator - INFO - Модуль ResourceGrid запущен
2025-09-27 14:48:18,342 - Module.ChannelModel_UMi - INFO - Модуль ChannelModel_UMi запущен
2025-09-27 14:48:18,342 - SimulationCoordinator - INFO - Модуль ChannelModel запущен
2025-09-27 14:48:18,342 - Module.MobilityModel_RandomWalk - INFO - Модуль MobilityModel_RandomWalk запущен
2025-09-27 14:48:18,342 - SimulationCoordinator - INFO - Модуль MobilityModel запущен
2025-09-27 14:48:18,342 - Module.TrafficModel_Poisson - INFO - Модуль TrafficModel_Poisson запущен
2025-09-27 14:48:18,342 - SimulationCoordinator - INFO - Модуль TrafficModel запущен
2025-09-27 14:48:18,343 - Module.Scheduler_RoundRobin - INFO - Модуль Scheduler_RoundRobin запущен
2025-09-27 14:48:18,343 - SimulationCoordinator - INFO - Модуль Scheduler запущен
2025-09-27 14:48:18,343 - Module.UE_1 - INFO - Модуль UE_1 запущен
2025-09-27 14:48:18,343 - SimulationCoordinator - INFO - Модуль UE_1 запущен
2025-09-27 14:48:18,343 - Module.UE_2 - INFO - Модуль UE_2 запущен
2025-09-27 14:48:18,343 - SimulationCoordinator - INFO - Модуль UE_2 запущен
2025-09-27 14:48:18,343 - Module.UE_3 - INFO - Модуль UE_3 запущен
2025-09-27 14:48:18,343 - SimulationCoordinator - INFO - Модуль UE_3 запущен
2025-09-27 14:48:18,351 - Module.BaseStation - ERROR - Ошибка обновления модуля BaseStation
2025-09-27 14:48:18,358 - Module.BaseStation - ERROR - Ошибка обновления модуля BaseStation
2025-09-27 14:48:18,364 - Module.BaseStation - ERROR - Ошибка обновления модуля BaseStation
2025-09-27 14:48:18,371 - Module.BaseStation - ERROR - Ошибка обновления модуля BaseStation
2025-09-27 14:48:18,378 - Module.BaseStation - ERROR - Ошибка обновления модуля BaseStation
2025-09-27 14:48:18,385 - Module.BaseStation - ERROR - Ошибка обновления модуля BaseStation
2025-09-27 14:48:18,392 - Module.BaseStation - ERROR - Ошибка обновления модуля BaseStation
2025-09-27 14:48:18,399 - Module.BaseStation - ERROR - Ошибка обновления модуля BaseStation
2025-09-27 14:48:18,406 - Module.BaseStation - ERROR - Ошибка обновления модуля BaseStation
2025-09-27 14:48:18,413 - Module.BaseStation - ERROR - Ошибка обновления модуля BaseStation
2025-09-27 14:48:18,419 - Module.BaseStation - ERROR - Ошибка обновления модуля BaseStation
2025-09-27 14:48:18,426 - Module.BaseStation - ERROR - Ошибка обновления модуля BaseStation
2025-09-27 14:48:18,433 - Module.BaseStation - ERROR - Ошибка обновления модуля BaseStation
2025-09-27 14:48:18,441 - Module.BaseStation - ERROR - Ошибка обновления модуля BaseStation
2025-09-27 14:48:18,448 - Module.BaseStation - ERROR - Ошибка обновления модуля BaseStation
2025-09-27 14:48:18,455 - Module.BaseStation - ERROR - Ошибка обновления модуля BaseStation
2025-09-27 14:48:18,462 - Module.BaseStation - ERROR - Ошибка обновления модуля BaseStation
2025-09-27 14:48:18,469 - Module.BaseStation - ERROR - Ошибка обновления модуля BaseStation
2025-09-27 14:48:18,476 - Module.BaseStation - ERROR - Ошибка обновления модуля BaseStation
2025-09-27 14:48:18,482 - Module.BaseStation - ERROR - Ошибка обновления модуля BaseStation
2025-09-27 14:48:18,489 - Module.BaseStation - ERROR - Ошибка обновления модуля BaseStation
2025-09-27 14:48:18,496 - Module.BaseStation - ERROR - Ошибка обновления модуля BaseStation
2025-09-27 14:48:18,503 - Module.BaseStation - ERROR - Ошибка обновления модуля BaseStation
2025-09-27 14:48:18,509 - Module.BaseStation - ERROR - Ошибка обновления модуля BaseStation
2025-09-27 14:48:18,516 - Module.BaseStation - ERROR - Ошибка обновления модуля BaseStation
2025-09-27 14:48:18,523 - Module.BaseStation - ERROR - Ошибка обновления модуля BaseStation
2025-09-27 14:48:18,530 - Module.BaseStation - ERROR - Ошибка обновления модуля BaseStation
2025-09-27 14:48:18,537 - Module.BaseStation - ERROR - Ошибка обновления модуля BaseStation
2025-09-27 14:48:18,544 - Module.BaseStation - ERROR - Ошибка обновления модуля BaseStation
2025-09-27 14:48:18,551 - Module.BaseStation - ERROR - Ошибка обновления модуля BaseStation
2025-09-27 14:48:18,558 - Module.BaseStation - ERROR - Ошибка обновления модуля BaseStation
2025-09-27 14:48:18,565 - Module.BaseStation - ERROR - Ошибка обновления модуля BaseStation
2025-09-27 14:48:18,572 - Module.BaseStation - ERROR - Ошибка обновления модуля BaseStation
2025-09-27 14:48:18,578 - Module.BaseStation - ERROR - Ошибка обновления модуля BaseStation
2025-09-27 14:48:18,585 - Module.BaseStation - ERROR - Ошибка обновления модуля BaseStation
2025-09-27 14:48:18,592 - Module.BaseStation - ERROR - Ошибка обновления модуля BaseStation
2025-09-27 14:48:18,599 - Module.BaseStation - ERROR - Ошибка обновления модуля BaseStation
2025-09-27 14:48:18,606 - Module.BaseStation - ERROR - Ошибка обновления модуля BaseStation
2025-09-27 14:48:18,613 - Module.BaseStation - ERROR - Ошибка обновления модуля BaseStation
2025-09-27 14:48:18,620 - Module.BaseStation - ERROR - Ошибка обновления модуля BaseStation
2025-09-27 14:48:18,633 - Module.BaseStation - ERROR - Ошибка обновления модуля BaseStation
2025-09-27 14:48:18,647 - Module.BaseStation - ERROR - Ошибка обновления модуля BaseStation
2025-09-27 14:48:18,658 - Module.BaseStation - ERROR - Ошибка обновления модуля BaseStation
2025-09-27 14:48:18,674 - Module.BaseStation - ERROR - Ошибка обновления модуля BaseStation
2025-09-27 14:48:18,684 - Module.BaseStation - ERROR - Ошибка обновления модуля BaseStation
2025-09-27 14:48:18,694 - Module.BaseStation - ERROR - Ошибка обновления модуля BaseStation
2025-09-27 14:48:18,709 - Module.BaseStation - ERROR - Ошибка обновления модуля BaseStation
2025-09-27 14:48:18,725 - Module.BaseStation - ERROR - Ошибка обновления модуля BaseStation
2025-09-27 14:48:18,734 - Module.BaseStation - ERROR - Ошибка обновления модуля BaseStation
2025-09-27 14:48:18,743 - Module.BaseStation - ERROR - Ошибка обновления модуля BaseStation
2025-09-27 14:48:18,761 - Module.BaseStation - ERROR - Ошибка обновления модуля BaseStation
2025-09-27 14:48:18,769 - Module.BaseStation - ERROR - Ошибка обновления модуля BaseStation
2025-09-27 14:48:18,776 - Module.BaseStation - ERROR - Ошибка обновления модуля BaseStation
2025-09-27 14:48:18,783 - Module.BaseStation - ERROR - Ошибка обновления модуля BaseStation
2025-09-27 14:48:18,791 - Module.BaseStation - ERROR - Ошибка обновления модуля BaseStation
2025-09-27 14:48:18,800 - Module.BaseStation - ERROR - Ошибка обновления модуля BaseStation
2025-09-27 14:48:18,809 - Module.BaseStation - ERROR - Ошибка обновления модуля BaseStation
2025-09-27 14:48:18,823 - Module.BaseStation - ERROR - Ошибка обновления модуля BaseStation
2025-09-27 14:48:18,829 - Module.BaseStation - ERROR - Ошибка обновления модуля BaseStation
2025-09-27 14:48:18,837 - Module.BaseStation - ERROR - Ошибка обновления модуля BaseStation
2025-09-27 14:48:18,844 - Module.BaseStation - ERROR - Ошибка обновления модуля BaseStation
2025-09-27 14:48:18,851 - Module.BaseStation - ERROR - Ошибка обновления модуля BaseStation
2025-09-27 14:48:18,858 - Module.BaseStation - ERROR - Ошибка обновления модуля BaseStation
2025-09-27 14:48:18,866 - Module.BaseStation - ERROR - Ошибка обновления модуля BaseStation
2025-09-27 14:48:18,874 - Module.BaseStation - ERROR - Ошибка обновления модуля BaseStation
2025-09-27 14:48:18,882 - Module.BaseStation - ERROR - Ошибка обновления модуля BaseStation
2025-09-27 14:48:18,889 - Module.BaseStation - ERROR - Ошибка обновления модуля BaseStation
2025-09-27 14:48:18,896 - Module.BaseStation - ERROR - Ошибка обновления модуля BaseStation
2025-09-27 14:48:18,903 - Module.BaseStation - ERROR - Ошибка обновления модуля BaseStation
2025-09-27 14:48:18,911 - Module.BaseStation - ERROR - Ошибка обновления модуля BaseStation
2025-09-27 14:48:18,918 - Module.BaseStation - ERROR - Ошибка обновления модуля BaseStation
2025-09-27 14:48:18,924 - Module.BaseStation - ERROR - Ошибка обновления модуля BaseStation
2025-09-27 14:48:18,931 - Module.BaseStation - ERROR - Ошибка обновления модуля BaseStation
2025-09-27 14:48:18,939 - Module.BaseStation - ERROR - Ошибка обновления модуля BaseStation
2025-09-27 14:48:18,946 - Module.BaseStation - ERROR - Ошибка обновления модуля BaseStation
2025-09-27 14:48:18,953 - Module.BaseStation - ERROR - Ошибка обновления модуля BaseStation
2025-09-27 14:48:18,960 - Module.BaseStation - ERROR - Ошибка обновления модуля BaseStation
2025-09-27 14:48:18,967 - Module.BaseStation - ERROR - Ошибка обновления модуля BaseStation
2025-09-27 14:48:18,974 - Module.BaseStation - ERROR - Ошибка обновления модуля BaseStation
2025-09-27 14:48:18,981 - Module.BaseStation - ERROR - Ошибка обновления модуля BaseStation
2025-09-27 14:48:18,989 - Module.BaseStation - ERROR - Ошибка обновления модуля BaseStation
2025-09-27 14:48:18,996 - Module.BaseStation - ERROR - Ошибка обновления модуля BaseStation
2025-09-27 14:48:19,003 - Module.BaseStation - ERROR - Ошибка обновления модуля BaseStation
2025-09-27 14:48:19,010 - Module.BaseStation - ERROR - Ошибка обновления модуля BaseStation
2025-09-27 14:48:19,017 - Module.BaseStation - ERROR - Ошибка обновления модуля BaseStation
2025-09-27 14:48:19,024 - Module.BaseStation - ERROR - Ошибка обновления модуля BaseStation
2025-09-27 14:48:19,031 - Module.BaseStation - ERROR - Ошибка обновления модуля BaseStation
2025-09-27 14:48:19,038 - Module.BaseStation - ERROR - Ошибка обновления модуля BaseStation
2025-09-27 14:48:19,045 - Module.BaseStation - ERROR - Ошибка обновления модуля BaseStation
2025-09-27 14:48:19,052 - Module.BaseStation - ERROR - Ошибка обновления модуля BaseStation
2025-09-27 14:48:19,058 - Module.BaseStation - ERROR - Ошибка обновления модуля BaseStation
2025-09-27 14:48:19,065 - Module.BaseStation - ERROR - Ошибка обновления модуля BaseStation
2025-09-27 14:48:19,072 - Module.BaseStation - ERROR - Ошибка обновления модуля BaseStation
2025-09-27 14:48:19,079 - Module.BaseStation - ERROR - Ошибка обновления модуля BaseStation
2025-09-27 14:48:19,086 - Module.BaseStation - ERROR - Ошибка обновления модуля BaseStation
2025-09-27 14:48:19,093 - Module.BaseStation - ERROR - Ошибка обновления модуля BaseStation
2025-09-27 14:48:19,100 - Module.BaseStation - ERROR - Ошибка обновления модуля BaseStation
2025-09-27 14:48:19,106 - Module.BaseStation - ERROR - Ошибка обновления модуля BaseStation
2025-09-27 14:48:19,113 - Module.BaseStation - ERROR - Ошибка обновления модуля BaseStation
2025-09-27 14:48:19,120 - Module.BaseStation - ERROR - Ошибка обновления модуля BaseStation
2025-09-27 14:48:19,127 - Module.BaseStation - ERROR - Ошибка обновления модуля BaseStation
2025-09-27 14:48:19,134 - Module.BaseStation - ERROR - Ошибка обновления модуля BaseStation
2025-09-27 14:48:19,141 - Module.BaseStation - ERROR - Ошибка обновления модуля BaseStation
2025-09-27 14:48:19,147 - Module.BaseStation - ERROR - Ошибка обновления модуля BaseStation
2025-09-27 14:48:19,154 - Module.BaseStation - ERROR - Ошибка обновления модуля BaseStation
2025-09-27 14:48:19,161 - Module.BaseStation - ERROR - Ошибка обновления модуля BaseStation
2025-09-27 14:48:19,168 - Module.BaseStation - ERROR - Ошибка обновления модуля BaseStation
2025-09-27 14:48:19,175 - Module.BaseStation - ERROR - Ошибка обновления модуля BaseStation
2025-09-27 14:48:19,181 - Module.BaseStation - ERROR - Ошибка обновления модуля BaseStation
2025-09-27 14:48:19,188 - Module.BaseStation - ERROR - Ошибка обновления модуля BaseStation
2025-09-27 14:48:19,195 - Module.BaseStation - ERROR - Ошибка обновления модуля BaseStation
2025-09-27 14:48:19,202 - Module.BaseStation - ERROR - Ошибка обновления модуля BaseStation
2025-09-27 14:48:19,209 - Module.BaseStation - ERROR - Ошибка обновления модуля BaseStation
2025-09-27 14:48:19,216 - Module.BaseStation - ERROR - Ошибка обновления модуля BaseStation
2025-09-27 14:48:19,222 - Module.BaseStation - ERROR - Ошибка обновления модуля BaseStation
2025-09-27 14:48:19,229 - Module.BaseStation - ERROR - Ошибка обновления модуля BaseStation
2025-09-27 14:48:19,236 - Module.BaseStation - ERROR - Ошибка обновления модуля BaseStation
2025-09-27 14:48:19,243 - Module.BaseStation - ERROR - Ошибка обновления модуля BaseStation
2025-09-27 14:48:19,250 - Module.BaseStation - ERROR - Ошибка обновления модуля BaseStation
2025-09-27 14:48:19,257 - Module.BaseStation - ERROR - Ошибка обновления модуля BaseStation
2025-09-27 14:48:19,264 - Module.BaseStation - ERROR - Ошибка обновления модуля BaseStation
2025-09-27 14:48:19,270 - Module.BaseStation - ERROR - Ошибка обновления модуля BaseStation
2025-09-27 14:48:19,278 - Module.BaseStation - ERROR - Ошибка обновления модуля BaseStation
2025-09-27 14:48:19,284 - Module.BaseStation - ERROR - Ошибка обновления модуля BaseStation
2025-09-27 14:48:19,291 - Module.BaseStation - ERROR - Ошибка обновления модуля BaseStation
2025-09-27 14:48:19,297 - Module.BaseStation - ERROR - Ошибка обновления модуля BaseStation
2025-09-27 14:48:19,304 - Module.BaseStation - ERROR - Ошибка обновления модуля BaseStation
2025-09-27 14:48:19,311 - Module.BaseStation - ERROR - Ошибка обновления модуля BaseStation
2025-09-27 14:48:19,317 - Module.BaseStation - ERROR - Ошибка обновления модуля BaseStation
2025-09-27 14:48:19,324 - Module.BaseStation - ERROR - Ошибка обновления модуля BaseStation
2025-09-27 14:48:19,331 - Module.BaseStation - ERROR - Ошибка обновления модуля BaseStation
2025-09-27 14:48:19,337 - Module.BaseStation - ERROR - Ошибка обновления модуля BaseStation
2025-09-27 14:48:19,344 - Module.BaseStation - ERROR - Ошибка обновления модуля BaseStation
2025-09-27 14:48:19,351 - Module.BaseStation - ERROR - Ошибка обновления модуля BaseStation
2025-09-27 14:48:19,357 - Module.BaseStation - ERROR - Ошибка обновления модуля BaseStation
2025-09-27 14:48:19,364 - Module.BaseStation - ERROR - Ошибка обновления модуля BaseStation
2025-09-27 14:48:19,371 - Module.BaseStation - ERROR - Ошибка обновления модуля BaseStation
2025-09-27 14:48:19,377 - Module.BaseStation - ERROR - Ошибка обновления модуля BaseStation
2025-09-27 14:48:19,384 - Module.BaseStation - ERROR - Ошибка обновления модуля BaseStation
2025-09-27 14:48:19,391 - Module.BaseStation - ERROR - Ошибка обновления модуля BaseStation
2025-09-27 14:48:19,398 - Module.BaseStation - ERROR - Ошибка обновления модуля BaseStation
2025-09-27 14:48:19,405 - Module.BaseStation - ERROR - Ошибка обновления модуля BaseStation
2025-09-27 14:48:19,411 - Module.BaseStation - ERROR - Ошибка обновления модуля BaseStation
2025-09-27 14:48:19,418 - Module.BaseStation - ERROR - Ошибка обновления модуля BaseStation
2025-09-27 14:48:19,425 - Module.BaseStation - ERROR - Ошибка обновления модуля BaseStation
2025-09-27 14:48:19,431 - Module.BaseStation - ERROR - Ошибка обновления модуля BaseStation
2025-09-27 14:48:19,438 - Module.BaseStation - ERROR - Ошибка обновления модуля BaseStation
2025-09-27 14:48:19,445 - Module.BaseStation - ERROR - Ошибка обновления модуля BaseStation
2025-09-27 14:48:19,452 - Module.BaseStation - ERROR - Ошибка обновления модуля BaseStation
2025-09-27 14:48:19,459 - Module.BaseStation - ERROR - Ошибка обновления модуля BaseStation
2025-09-27 14:48:19,465 - Module.BaseStation - ERROR - Ошибка обновления модуля BaseStation
2025-09-27 14:48:19,472 - Module.BaseStation - ERROR - Ошибка обновления модуля BaseStation
2025-09-27 14:48:19,479 - Module.BaseStation - ERROR - Ошибка обновления модуля BaseStation
2025-09-27 14:48:19,485 - Module.BaseStation - ERROR - Ошибка обновления модуля BaseStation
2025-09-27 14:48:19,492 - Module.BaseStation - ERROR - Ошибка обновления модуля BaseStation
2025-09-27 14:48:19,499 - Module.BaseStation - ERROR - Ошибка обновления модуля BaseStation
2025-09-27 14:48:19,506 - Module.BaseStation - ERROR - Ошибка обновления модуля BaseStation
2025-09-27 14:48:19,513 - Module.BaseStation - ERROR - Ошибка обновления модуля BaseStation
2025-09-27 14:48:19,519 - Module.BaseStation - ERROR - Ошибка обновления модуля BaseStation
2025-09-27 14:48:19,526 - Module.BaseStation - ERROR - Ошибка обновления модуля BaseStation
2025-09-27 14:48:19,533 - Module.BaseStation - ERROR - Ошибка обновления модуля BaseStation
2025-09-27 14:48:19,539 - Module.BaseStation - ERROR - Ошибка обновления модуля BaseStation
2025-09-27 14:48:19,546 - Module.BaseStation - ERROR - Ошибка обновления модуля BaseStation
2025-09-27 14:48:19,553 - Module.BaseStation - ERROR - Ошибка обновления модуля BaseStation
2025-09-27 14:48:19,559 - Module.BaseStation - ERROR - Ошибка обновления модуля BaseStation
2025-09-27 14:48:19,566 - Module.BaseStation - ERROR - Ошибка обновления модуля BaseStation
2025-09-27 14:48:19,572 - Module.BaseStation - ERROR - Ошибка обновления модуля BaseStation
2025-09-27 14:48:19,579 - Module.BaseStation - ERROR - Ошибка обновления модуля BaseStation
2025-09-27 14:48:19,586 - Module.BaseStation - ERROR - Ошибка обновления модуля BaseStation
2025-09-27 14:48:19,593 - Module.BaseStation - ERROR - Ошибка обновления модуля BaseStation
2025-09-27 14:48:19,600 - Module.BaseStation - ERROR - Ошибка обновления модуля BaseStation
2025-09-27 14:48:19,606 - Module.BaseStation - ERROR - Ошибка обновления модуля BaseStation
2025-09-27 14:48:19,613 - Module.BaseStation - ERROR - Ошибка обновления модуля BaseStation
2025-09-27 14:48:19,620 - Module.BaseStation - ERROR - Ошибка обновления модуля BaseStation
2025-09-27 14:48:19,627 - Module.BaseStation - ERROR - Ошибка обновления модуля BaseStation
2025-09-27 14:48:19,633 - Module.BaseStation - ERROR - Ошибка обновления модуля BaseStation
2025-09-27 14:48:19,640 - Module.BaseStation - ERROR - Ошибка обновления модуля BaseStation
2025-09-27 14:48:19,647 - Module.BaseStation - ERROR - Ошибка обновления модуля BaseStation
2025-09-27 14:48:19,653 - Module.BaseStation - ERROR - Ошибка обновления модуля BaseStation
2025-09-27 14:48:19,660 - Module.BaseStation - ERROR - Ошибка обновления модуля BaseStation
2025-09-27 14:48:19,667 - Module.BaseStation - ERROR - Ошибка обновления модуля BaseStation
2025-09-27 14:48:19,674 - Module.BaseStation - ERROR - Ошибка обновления модуля BaseStation
2025-09-27 14:48:19,681 - Module.BaseStation - ERROR - Ошибка обновления модуля BaseStation
2025-09-27 14:48:19,687 - Module.BaseStation - ERROR - Ошибка обновления модуля BaseStation
2025-09-27 14:48:19,695 - Module.BaseStation - ERROR - Ошибка обновления модуля BaseStation
2025-09-27 14:48:19,702 - Module.BaseStation - ERROR - Ошибка обновления модуля BaseStation
2025-09-27 14:48:19,709 - Module.BaseStation - ERROR - Ошибка обновления модуля BaseStation
2025-09-27 14:48:19,716 - Module.BaseStation - ERROR - Ошибка обновления модуля BaseStation
2025-09-27 14:48:19,723 - Module.BaseStation - ERROR - Ошибка обновления модуля BaseStation
2025-09-27 14:48:19,730 - Module.BaseStation - ERROR - Ошибка обновления модуля BaseStation
2025-09-27 14:48:19,737 - Module.BaseStation - ERROR - Ошибка обновления модуля BaseStation
2025-09-27 14:48:19,744 - Module.BaseStation - ERROR - Ошибка обновления модуля BaseStation
2025-09-27 14:48:19,751 - Module.BaseStation - ERROR - Ошибка обновления модуля BaseStation
2025-09-27 14:48:19,758 - Module.BaseStation - ERROR - Ошибка обновления модуля BaseStation
2025-09-27 14:48:19,764 - Module.BaseStation - ERROR - Ошибка обновления модуля BaseStation
2025-09-27 14:48:19,771 - Module.BaseStation - ERROR - Ошибка обновления модуля BaseStation
2025-09-27 14:48:19,778 - Module.BaseStation - ERROR - Ошибка обновления модуля BaseStation
2025-09-27 14:48:19,785 - Module.BaseStation - ERROR - Ошибка обновления модуля BaseStation
2025-09-27 14:48:19,792 - Module.BaseStation - ERROR - Ошибка обновления модуля BaseStation
2025-09-27 14:48:19,799 - Module.BaseStation - ERROR - Ошибка обновления модуля BaseStation
2025-09-27 14:48:19,806 - Module.BaseStation - ERROR - Ошибка обновления модуля BaseStation
2025-09-27 14:48:19,813 - Module.BaseStation - ERROR - Ошибка обновления модуля BaseStation
2025-09-27 14:48:19,820 - Module.BaseStation - ERROR - Ошибка обновления модуля BaseStation
2025-09-27 14:48:19,827 - Module.BaseStation - ERROR - Ошибка обновления модуля BaseStation
2025-09-27 14:48:19,834 - Module.BaseStation - ERROR - Ошибка обновления модуля BaseStation
2025-09-27 14:48:19,841 - Module.BaseStation - ERROR - Ошибка обновления модуля BaseStation
2025-09-27 14:48:19,848 - Module.BaseStation - ERROR - Ошибка обновления модуля BaseStation
2025-09-27 14:48:19,857 - Module.BaseStation - ERROR - Ошибка обновления модуля BaseStation
2025-09-27 14:48:19,864 - Module.BaseStation - ERROR - Ошибка обновления модуля BaseStation
2025-09-27 14:48:19,872 - Module.BaseStation - ERROR - Ошибка обновления модуля BaseStation
2025-09-27 14:48:19,879 - Module.BaseStation - ERROR - Ошибка обновления модуля BaseStation
2025-09-27 14:48:19,886 - Module.BaseStation - ERROR - Ошибка обновления модуля BaseStation
2025-09-27 14:48:19,893 - Module.BaseStation - ERROR - Ошибка обновления модуля BaseStation
2025-09-27 14:48:19,900 - Module.BaseStation - ERROR - Ошибка обновления модуля BaseStation
2025-09-27 14:48:19,908 - Module.BaseStation - ERROR - Ошибка обновления модуля BaseStation
2025-09-27 14:48:19,915 - Module.BaseStation - ERROR - Ошибка обновления модуля BaseStation
2025-09-27 14:48:19,922 - Module.BaseStation - ERROR - Ошибка обновления модуля BaseStation
2025-09-27 14:48:19,929 - Module.BaseStation - ERROR - Ошибка обновления модуля BaseStation
2025-09-27 14:48:19,936 - Module.BaseStation - ERROR - Ошибка обновления модуля BaseStation
2025-09-27 14:48:19,944 - Module.BaseStation - ERROR - Ошибка обновления модуля BaseStation
2025-09-27 14:48:19,951 - Module.BaseStation - ERROR - Ошибка обновления модуля BaseStation
2025-09-27 14:48:19,958 - Module.BaseStation - ERROR - Ошибка обновления модуля BaseStation
2025-09-27 14:48:19,965 - Module.BaseStation - ERROR - Ошибка обновления модуля BaseStation
2025-09-27 14:48:19,971 - Module.BaseStation - ERROR - Ошибка обновления модуля BaseStation
2025-09-27 14:48:19,978 - Module.BaseStation - ERROR - Ошибка обновления модуля BaseStation
2025-09-27 14:48:19,985 - Module.BaseStation - ERROR - Ошибка обновления модуля BaseStation
2025-09-27 14:48:19,992 - Module.BaseStation - ERROR - Ошибка обновления модуля BaseStation
2025-09-27 14:48:19,999 - Module.BaseStation - ERROR - Ошибка обновления модуля BaseStation
2025-09-27 14:48:20,006 - Module.BaseStation - ERROR - Ошибка обновления модуля BaseStation
2025-09-27 14:48:20,013 - Module.BaseStation - ERROR - Ошибка обновления модуля BaseStation
2025-09-27 14:48:20,020 - Module.BaseStation - ERROR - Ошибка обновления модуля BaseStation
2025-09-27 14:48:20,027 - Module.BaseStation - ERROR - Ошибка обновления модуля BaseStation
2025-09-27 14:48:20,034 - Module.BaseStation - ERROR - Ошибка обновления модуля BaseStation
2025-09-27 14:48:20,041 - Module.BaseStation - ERROR - Ошибка обновления модуля BaseStation
2025-09-27 14:48:20,047 - Module.BaseStation - ERROR - Ошибка обновления модуля BaseStation
2025-09-27 14:48:20,054 - Module.BaseStation - ERROR - Ошибка обновления модуля BaseStation
2025-09-27 14:48:20,061 - Module.BaseStation - ERROR - Ошибка обновления модуля BaseStation
2025-09-27 14:48:20,068 - Module.BaseStation - ERROR - Ошибка обновления модуля BaseStation
2025-09-27 14:48:20,076 - Module.BaseStation - ERROR - Ошибка обновления модуля BaseStation
2025-09-27 14:48:20,083 - Module.BaseStation - ERROR - Ошибка обновления модуля BaseStation
2025-09-27 14:48:20,089 - Module.BaseStation - ERROR - Ошибка обновления модуля BaseStation
2025-09-27 14:48:20,097 - Module.BaseStation - ERROR - Ошибка обновления модуля BaseStation
2025-09-27 14:48:20,103 - Module.BaseStation - ERROR - Ошибка обновления модуля BaseStation
2025-09-27 14:48:20,111 - Module.BaseStation - ERROR - Ошибка обновления модуля BaseStation
2025-09-27 14:48:20,118 - Module.BaseStation - ERROR - Ошибка обновления модуля BaseStation
2025-09-27 14:48:20,125 - Module.BaseStation - ERROR - Ошибка обновления модуля BaseStation
2025-09-27 14:48:20,131 - Module.BaseStation - ERROR - Ошибка обновления модуля BaseStation
2025-09-27 14:48:20,138 - Module.BaseStation - ERROR - Ошибка обновления модуля BaseStation
2025-09-27 14:48:20,145 - Module.BaseStation - ERROR - Ошибка обновления модуля BaseStation
2025-09-27 14:48:20,152 - Module.BaseStation - ERROR - Ошибка обновления модуля BaseStation
2025-09-27 14:48:20,159 - Module.BaseStation - ERROR - Ошибка обновления модуля BaseStation
2025-09-27 14:48:20,166 - Module.BaseStation - ERROR - Ошибка обновления модуля BaseStation
2025-09-27 14:48:20,172 - Module.BaseStation - ERROR - Ошибка обновления модуля BaseStation
2025-09-27 14:48:20,179 - Module.BaseStation - ERROR - Ошибка обновления модуля BaseStation
2025-09-27 14:48:20,186 - Module.BaseStation - ERROR - Ошибка обновления модуля BaseStation
2025-09-27 14:48:20,192 - Module.BaseStation - ERROR - Ошибка обновления модуля BaseStation
2025-09-27 14:48:20,199 - Module.BaseStation - ERROR - Ошибка обновления модуля BaseStation
2025-09-27 14:48:20,206 - Module.BaseStation - ERROR - Ошибка обновления модуля BaseStation
2025-09-27 14:48:20,213 - Module.BaseStation - ERROR - Ошибка обновления модуля BaseStation
2025-09-27 14:48:20,219 - Module.BaseStation - ERROR - Ошибка обновления модуля BaseStation
2025-09-27 14:48:20,226 - Module.BaseStation - ERROR - Ошибка обновления модуля BaseStation
2025-09-27 14:48:20,234 - Module.BaseStation - ERROR - Ошибка обновления модуля BaseStation
2025-09-27 14:48:20,240 - Module.BaseStation - ERROR - Ошибка обновления модуля BaseStation
2025-09-27 14:48:20,247 - Module.BaseStation - ERROR - Ошибка обновления модуля BaseStation
2025-09-27 14:48:20,254 - Module.BaseStation - ERROR - Ошибка обновления модуля BaseStation
2025-09-27 14:48:20,261 - Module.BaseStation - ERROR - Ошибка обновления модуля BaseStation
2025-09-27 14:48:20,268 - Module.BaseStation - ERROR - Ошибка обновления модуля BaseStation
2025-09-27 14:48:20,275 - Module.BaseStation - ERROR - Ошибка обновления модуля BaseStation
2025-09-27 14:48:20,282 - Module.BaseStation - ERROR - Ошибка обновления модуля BaseStation
2025-09-27 14:48:20,290 - Module.BaseStation - ERROR - Ошибка обновления модуля BaseStation
2025-09-27 14:48:20,297 - Module.BaseStation - ERROR - Ошибка обновления модуля BaseStation
2025-09-27 14:48:20,304 - Module.BaseStation - ERROR - Ошибка обновления модуля BaseStation
2025-09-27 14:48:20,311 - Module.BaseStation - ERROR - Ошибка обновления модуля BaseStation
2025-09-27 14:48:20,318 - Module.BaseStation - ERROR - Ошибка обновления модуля BaseStation
2025-09-27 14:48:20,325 - Module.BaseStation - ERROR - Ошибка обновления модуля BaseStation
2025-09-27 14:48:20,332 - Module.BaseStation - ERROR - Ошибка обновления модуля BaseStation
2025-09-27 14:48:20,339 - Module.BaseStation - ERROR - Ошибка обновления модуля BaseStation
2025-09-27 14:48:20,345 - Module.BaseStation - ERROR - Ошибка обновления модуля BaseStation
2025-09-27 14:48:20,352 - Module.BaseStation - ERROR - Ошибка обновления модуля BaseStation
2025-09-27 14:48:20,360 - Module.BaseStation - ERROR - Ошибка обновления модуля BaseStation
2025-09-27 14:48:20,366 - Module.BaseStation - ERROR - Ошибка обновления модуля BaseStation
2025-09-27 14:48:20,373 - Module.BaseStation - ERROR - Ошибка обновления модуля BaseStation
2025-09-27 14:48:20,380 - Module.BaseStation - ERROR - Ошибка обновления модуля BaseStation
2025-09-27 14:48:20,387 - Module.BaseStation - ERROR - Ошибка обновления модуля BaseStation
2025-09-27 14:48:20,394 - Module.BaseStation - ERROR - Ошибка обновления модуля BaseStation
2025-09-27 14:48:20,401 - Module.BaseStation - ERROR - Ошибка обновления модуля BaseStation
2025-09-27 14:48:20,407 - Module.BaseStation - ERROR - Ошибка обновления модуля BaseStation
2025-09-27 14:48:20,414 - Module.BaseStation - ERROR - Ошибка обновления модуля BaseStation
2025-09-27 14:48:20,421 - Module.BaseStation - ERROR - Ошибка обновления модуля BaseStation
2025-09-27 14:48:20,428 - Module.BaseStation - ERROR - Ошибка обновления модуля BaseStation
2025-09-27 14:48:20,435 - Module.BaseStation - ERROR - Ошибка обновления модуля BaseStation
2025-09-27 14:48:20,442 - Module.BaseStation - ERROR - Ошибка обновления модуля BaseStation
2025-09-27 14:48:20,449 - Module.BaseStation - ERROR - Ошибка обновления модуля BaseStation
2025-09-27 14:48:20,456 - Module.BaseStation - ERROR - Ошибка обновления модуля BaseStation
2025-09-27 14:48:20,463 - Module.BaseStation - ERROR - Ошибка обновления модуля BaseStation
2025-09-27 14:48:20,469 - Module.BaseStation - ERROR - Ошибка обновления модуля BaseStation
2025-09-27 14:48:20,476 - Module.BaseStation - ERROR - Ошибка обновления модуля BaseStation
2025-09-27 14:48:20,483 - Module.BaseStation - ERROR - Ошибка обновления модуля BaseStation
2025-09-27 14:48:20,490 - Module.BaseStation - ERROR - Ошибка обновления модуля BaseStation
2025-09-27 14:48:20,497 - Module.BaseStation - ERROR - Ошибка обновления модуля BaseStation
2025-09-27 14:48:20,504 - Module.BaseStation - ERROR - Ошибка обновления модуля BaseStation
2025-09-27 14:48:20,511 - Module.BaseStation - ERROR - Ошибка обновления модуля BaseStation
2025-09-27 14:48:20,517 - Module.BaseStation - ERROR - Ошибка обновления модуля BaseStation
2025-09-27 14:48:20,524 - Module.BaseStation - ERROR - Ошибка обновления модуля BaseStation
2025-09-27 14:48:20,531 - Module.BaseStation - ERROR - Ошибка обновления модуля BaseStation
2025-09-27 14:48:20,538 - Module.BaseStation - ERROR - Ошибка обновления модуля BaseStation
2025-09-27 14:48:20,545 - Module.BaseStation - ERROR - Ошибка обновления модуля BaseStation
2025-09-27 14:48:20,551 - Module.BaseStation - ERROR - Ошибка обновления модуля BaseStation
2025-09-27 14:48:20,558 - Module.BaseStation - ERROR - Ошибка обновления модуля BaseStation
2025-09-27 14:48:20,566 - Module.BaseStation - ERROR - Ошибка обновления модуля BaseStation
2025-09-27 14:48:20,572 - Module.BaseStation - ERROR - Ошибка обновления модуля BaseStation
2025-09-27 14:48:20,579 - Module.BaseStation - ERROR - Ошибка обновления модуля BaseStation
2025-09-27 14:48:20,586 - Module.BaseStation - ERROR - Ошибка обновления модуля BaseStation
2025-09-27 14:48:20,593 - Module.BaseStation - ERROR - Ошибка обновления модуля BaseStation
2025-09-27 14:48:20,600 - Module.BaseStation - ERROR - Ошибка обновления модуля BaseStation
2025-09-27 14:48:20,607 - Module.BaseStation - ERROR - Ошибка обновления модуля BaseStation
2025-09-27 14:48:20,614 - Module.BaseStation - ERROR - Ошибка обновления модуля BaseStation
2025-09-27 14:48:20,620 - Module.BaseStation - ERROR - Ошибка обновления модуля BaseStation
2025-09-27 14:48:20,628 - Module.BaseStation - ERROR - Ошибка обновления модуля BaseStation
2025-09-27 14:48:20,635 - Module.BaseStation - ERROR - Ошибка обновления модуля BaseStation
2025-09-27 14:48:20,641 - Module.BaseStation - ERROR - Ошибка обновления модуля BaseStation
2025-09-27 14:48:20,648 - Module.BaseStation - ERROR - Ошибка обновления модуля BaseStation
2025-09-27 14:48:20,655 - Module.BaseStation - ERROR - Ошибка обновления модуля BaseStation
2025-09-27 14:48:20,661 - Module.BaseStation - ERROR - Ошибка обновления модуля BaseStation
2025-09-27 14:48:20,668 - Module.BaseStation - ERROR - Ошибка обновления модуля BaseStation
2025-09-27 14:48:20,675 - Module.BaseStation - ERROR - Ошибка обновления модуля BaseStation
2025-09-27 14:48:20,682 - Module.BaseStation - ERROR - Ошибка обновления модуля BaseStation
2025-09-27 14:48:20,689 - Module.BaseStation - ERROR - Ошибка обновления модуля BaseStation
2025-09-27 14:48:20,695 - Module.BaseStation - ERROR - Ошибка обновления модуля BaseStation
2025-09-27 14:48:20,702 - Module.BaseStation - ERROR - Ошибка обновления модуля BaseStation
2025-09-27 14:48:20,709 - Module.BaseStation - ERROR - Ошибка обновления модуля BaseStation
2025-09-27 14:48:20,716 - Module.BaseStation - ERROR - Ошибка обновления модуля BaseStation
2025-09-27 14:48:20,723 - Module.BaseStation - ERROR - Ошибка обновления модуля BaseStation
2025-09-27 14:48:20,730 - Module.BaseStation - ERROR - Ошибка обновления модуля BaseStation
2025-09-27 14:48:20,736 - Module.BaseStation - ERROR - Ошибка обновления модуля BaseStation
2025-09-27 14:48:20,743 - Module.BaseStation - ERROR - Ошибка обновления модуля BaseStation
2025-09-27 14:48:20,750 - Module.BaseStation - ERROR - Ошибка обновления модуля BaseStation
2025-09-27 14:48:20,757 - Module.BaseStation - ERROR - Ошибка обновления модуля BaseStation
2025-09-27 14:48:20,763 - Module.BaseStation - ERROR - Ошибка обновления модуля BaseStation
2025-09-27 14:48:20,770 - Module.BaseStation - ERROR - Ошибка обновления модуля BaseStation
2025-09-27 14:48:20,777 - Module.BaseStation - ERROR - Ошибка обновления модуля BaseStation
2025-09-27 14:48:20,784 - Module.BaseStation - ERROR - Ошибка обновления модуля BaseStation
2025-09-27 14:48:20,790 - Module.BaseStation - ERROR - Ошибка обновления модуля BaseStation
2025-09-27 14:48:20,797 - Module.BaseStation - ERROR - Ошибка обновления модуля BaseStation
2025-09-27 14:48:20,804 - Module.BaseStation - ERROR - Ошибка обновления модуля BaseStation
2025-09-27 14:48:20,811 - Module.BaseStation - ERROR - Ошибка обновления модуля BaseStation
2025-09-27 14:48:20,818 - Module.BaseStation - ERROR - Ошибка обновления модуля BaseStation
2025-09-27 14:48:20,825 - Module.BaseStation - ERROR - Ошибка обновления модуля BaseStation
2025-09-27 14:48:20,832 - Module.BaseStation - ERROR - Ошибка обновления модуля BaseStation
2025-09-27 14:48:20,838 - Module.BaseStation - ERROR - Ошибка обновления модуля BaseStation
2025-09-27 14:48:20,845 - Module.BaseStation - ERROR - Ошибка обновления модуля BaseStation
2025-09-27 14:48:20,852 - Module.BaseStation - ERROR - Ошибка обновления модуля BaseStation
2025-09-27 14:48:20,859 - Module.BaseStation - ERROR - Ошибка обновления модуля BaseStation
2025-09-27 14:48:20,866 - Module.BaseStation - ERROR - Ошибка обновления модуля BaseStation
2025-09-27 14:48:20,873 - Module.BaseStation - ERROR - Ошибка обновления модуля BaseStation
2025-09-27 14:48:20,879 - Module.BaseStation - ERROR - Ошибка обновления модуля BaseStation
2025-09-27 14:48:20,886 - Module.BaseStation - ERROR - Ошибка обновления модуля BaseStation
2025-09-27 14:48:20,893 - Module.BaseStation - ERROR - Ошибка обновления модуля BaseStation
2025-09-27 14:48:20,900 - Module.BaseStation - ERROR - Ошибка обновления модуля BaseStation
2025-09-27 14:48:20,906 - Module.BaseStation - ERROR - Ошибка обновления модуля BaseStation
2025-09-27 14:48:20,913 - Module.BaseStation - ERROR - Ошибка обновления модуля BaseStation
2025-09-27 14:48:20,920 - Module.BaseStation - ERROR - Ошибка обновления модуля BaseStation
2025-09-27 14:48:20,927 - Module.BaseStation - ERROR - Ошибка обновления модуля BaseStation
2025-09-27 14:48:20,933 - Module.BaseStation - ERROR - Ошибка обновления модуля BaseStation
2025-09-27 14:48:20,940 - Module.BaseStation - ERROR - Ошибка обновления модуля BaseStation
2025-09-27 14:48:20,947 - Module.BaseStation - ERROR - Ошибка обновления модуля BaseStation
2025-09-27 14:48:20,953 - Module.BaseStation - ERROR - Ошибка обновления модуля BaseStation
2025-09-27 14:48:20,960 - Module.BaseStation - ERROR - Ошибка обновления модуля BaseStation
2025-09-27 14:48:20,967 - Module.BaseStation - ERROR - Ошибка обновления модуля BaseStation
2025-09-27 14:48:20,974 - Module.BaseStation - ERROR - Ошибка обновления модуля BaseStation
2025-09-27 14:48:20,981 - Module.BaseStation - ERROR - Ошибка обновления модуля BaseStation
2025-09-27 14:48:20,987 - Module.BaseStation - ERROR - Ошибка обновления модуля BaseStation
2025-09-27 14:48:20,994 - Module.BaseStation - ERROR - Ошибка обновления модуля BaseStation
2025-09-27 14:48:21,001 - Module.BaseStation - ERROR - Ошибка обновления модуля BaseStation
2025-09-27 14:48:21,008 - Module.BaseStation - ERROR - Ошибка обновления модуля BaseStation
2025-09-27 14:48:21,015 - Module.BaseStation - ERROR - Ошибка обновления модуля BaseStation
2025-09-27 14:48:21,021 - Module.BaseStation - ERROR - Ошибка обновления модуля BaseStation
2025-09-27 14:48:21,028 - Module.BaseStation - ERROR - Ошибка обновления модуля BaseStation
2025-09-27 14:48:21,035 - Module.BaseStation - ERROR - Ошибка обновления модуля BaseStation
2025-09-27 14:48:21,042 - Module.BaseStation - ERROR - Ошибка обновления модуля BaseStation
2025-09-27 14:48:21,048 - Module.BaseStation - ERROR - Ошибка обновления модуля BaseStation
2025-09-27 14:48:21,055 - Module.BaseStation - ERROR - Ошибка обновления модуля BaseStation
2025-09-27 14:48:21,062 - Module.BaseStation - ERROR - Ошибка обновления модуля BaseStation
2025-09-27 14:48:21,069 - Module.BaseStation - ERROR - Ошибка обновления модуля BaseStation
2025-09-27 14:48:21,076 - Module.BaseStation - ERROR - Ошибка обновления модуля BaseStation
2025-09-27 14:48:21,083 - Module.BaseStation - ERROR - Ошибка обновления модуля BaseStation
2025-09-27 14:48:21,089 - Module.BaseStation - ERROR - Ошибка обновления модуля BaseStation
2025-09-27 14:48:21,096 - Module.BaseStation - ERROR - Ошибка обновления модуля BaseStation
2025-09-27 14:48:21,103 - Module.BaseStation - ERROR - Ошибка обновления модуля BaseStation
2025-09-27 14:48:21,110 - Module.BaseStation - ERROR - Ошибка обновления модуля BaseStation
2025-09-27 14:48:21,116 - Module.BaseStation - ERROR - Ошибка обновления модуля BaseStation
2025-09-27 14:48:21,123 - Module.BaseStation - ERROR - Ошибка обновления модуля BaseStation
2025-09-27 14:48:21,130 - Module.BaseStation - ERROR - Ошибка обновления модуля BaseStation
2025-09-27 14:48:21,137 - Module.BaseStation - ERROR - Ошибка обновления модуля BaseStation
2025-09-27 14:48:21,144 - Module.BaseStation - ERROR - Ошибка обновления модуля BaseStation
2025-09-27 14:48:21,151 - Module.BaseStation - ERROR - Ошибка обновления модуля BaseStation
2025-09-27 14:48:21,157 - Module.BaseStation - ERROR - Ошибка обновления модуля BaseStation
2025-09-27 14:48:21,164 - Module.BaseStation - ERROR - Ошибка обновления модуля BaseStation
2025-09-27 14:48:21,171 - Module.BaseStation - ERROR - Ошибка обновления модуля BaseStation
2025-09-27 14:48:21,178 - Module.BaseStation - ERROR - Ошибка обновления модуля BaseStation
2025-09-27 14:48:21,185 - Module.BaseStation - ERROR - Ошибка обновления модуля BaseStation
2025-09-27 14:48:21,192 - Module.BaseStation - ERROR - Ошибка обновления модуля BaseStation
2025-09-27 14:48:21,199 - Module.BaseStation - ERROR - Ошибка обновления модуля BaseStation
2025-09-27 14:48:21,206 - Module.BaseStation - ERROR - Ошибка обновления модуля BaseStation
2025-09-27 14:48:21,212 - Module.BaseStation - ERROR - Ошибка обновления модуля BaseStation
2025-09-27 14:48:21,219 - Module.BaseStation - ERROR - Ошибка обновления модуля BaseStation
2025-09-27 14:48:21,226 - Module.BaseStation - ERROR - Ошибка обновления модуля BaseStation
2025-09-27 14:48:21,233 - Module.BaseStation - ERROR - Ошибка обновления модуля BaseStation
2025-09-27 14:48:21,240 - Module.BaseStation - ERROR - Ошибка обновления модуля BaseStation
2025-09-27 14:48:21,247 - Module.BaseStation - ERROR - Ошибка обновления модуля BaseStation
2025-09-27 14:48:21,253 - Module.BaseStation - ERROR - Ошибка обновления модуля BaseStation
2025-09-27 14:48:21,260 - Module.BaseStation - ERROR - Ошибка обновления модуля BaseStation
2025-09-27 14:48:21,267 - Module.BaseStation - ERROR - Ошибка обновления модуля BaseStation
2025-09-27 14:48:21,274 - Module.BaseStation - ERROR - Ошибка обновления модуля BaseStation
2025-09-27 14:48:21,280 - Module.BaseStation - ERROR - Ошибка обновления модуля BaseStation
2025-09-27 14:48:21,287 - Module.BaseStation - ERROR - Ошибка обновления модуля BaseStation
2025-09-27 14:48:21,294 - Module.BaseStation - ERROR - Ошибка обновления модуля BaseStation
2025-09-27 14:48:21,301 - Module.BaseStation - ERROR - Ошибка обновления модуля BaseStation
2025-09-27 14:48:21,307 - Module.BaseStation - ERROR - Ошибка обновления модуля BaseStation
2025-09-27 14:48:21,314 - Module.BaseStation - ERROR - Ошибка обновления модуля BaseStation
2025-09-27 14:48:21,321 - Module.BaseStation - ERROR - Ошибка обновления модуля BaseStation
2025-09-27 14:48:21,328 - Module.BaseStation - ERROR - Ошибка обновления модуля BaseStation
2025-09-27 14:48:21,335 - Module.BaseStation - ERROR - Ошибка обновления модуля BaseStation
2025-09-27 14:48:21,341 - Module.BaseStation - ERROR - Ошибка обновления модуля BaseStation
2025-09-27 14:48:21,348 - Module.BaseStation - ERROR - Ошибка обновления модуля BaseStation
2025-09-27 14:48:21,355 - Module.BaseStation - ERROR - Ошибка обновления модуля BaseStation
2025-09-27 14:48:21,362 - Module.BaseStation - ERROR - Ошибка обновления модуля BaseStation
2025-09-27 14:48:21,369 - Module.BaseStation - ERROR - Ошибка обновления модуля BaseStation
2025-09-27 14:48:21,376 - Module.BaseStation - ERROR - Ошибка обновления модуля BaseStation
2025-09-27 14:48:21,383 - Module.BaseStation - ERROR - Ошибка обновления модуля BaseStation
2025-09-27 14:48:21,389 - Module.BaseStation - ERROR - Ошибка обновления модуля BaseStation
2025-09-27 14:48:21,396 - Module.BaseStation - ERROR - Ошибка обновления модуля BaseStation
2025-09-27 14:48:21,403 - Module.BaseStation - ERROR - Ошибка обновления модуля BaseStation
2025-09-27 14:48:21,410 - Module.BaseStation - ERROR - Ошибка обновления модуля BaseStation
2025-09-27 14:48:21,417 - Module.BaseStation - ERROR - Ошибка обновления модуля BaseStation
2025-09-27 14:48:21,424 - Module.BaseStation - ERROR - Ошибка обновления модуля BaseStation
2025-09-27 14:48:21,430 - Module.BaseStation - ERROR - Ошибка обновления модуля BaseStation
2025-09-27 14:48:21,437 - Module.BaseStation - ERROR - Ошибка обновления модуля BaseStation
2025-09-27 14:48:21,444 - Module.BaseStation - ERROR - Ошибка обновления модуля BaseStation
2025-09-27 14:48:21,459 - Module.BaseStation - ERROR - Ошибка обновления модуля BaseStation
2025-09-27 14:48:21,475 - Module.BaseStation - ERROR - Ошибка обновления модуля BaseStation
2025-09-27 14:48:21,545 - Module.BaseStation - ERROR - Ошибка обновления модуля BaseStation
2025-09-27 14:48:21,559 - Module.BaseStation - ERROR - Ошибка обновления модуля BaseStation
2025-09-27 14:48:21,566 - Module.BaseStation - ERROR - Ошибка обновления модуля BaseStation
2025-09-27 14:48:21,573 - Module.BaseStation - ERROR - Ошибка обновления модуля BaseStation
2025-09-27 14:48:21,580 - Module.BaseStation - ERROR - Ошибка обновления модуля BaseStation
2025-09-27 14:48:21,587 - Module.BaseStation - ERROR - Ошибка обновления модуля BaseStation
2025-09-27 14:48:21,594 - Module.BaseStation - ERROR - Ошибка обновления модуля BaseStation
2025-09-27 14:48:21,609 - Module.BaseStation - ERROR - Ошибка обновления модуля BaseStation
2025-09-27 14:48:21,619 - Module.BaseStation - ERROR - Ошибка обновления модуля BaseStation
2025-09-27 14:48:21,626 - Module.BaseStation - ERROR - Ошибка обновления модуля BaseStation
2025-09-27 14:48:21,632 - Module.BaseStation - ERROR - Ошибка обновления модуля BaseStation
2025-09-27 14:48:21,640 - Module.BaseStation - ERROR - Ошибка обновления модуля BaseStation
2025-09-27 14:48:21,647 - Module.BaseStation - ERROR - Ошибка обновления модуля BaseStation
2025-09-27 14:48:21,654 - Module.BaseStation - ERROR - Ошибка обновления модуля BaseStation
2025-09-27 14:48:21,661 - Module.BaseStation - ERROR - Ошибка обновления модуля BaseStation
2025-09-27 14:48:21,668 - Module.BaseStation - ERROR - Ошибка обновления модуля BaseStation
2025-09-27 14:48:21,676 - Module.BaseStation - ERROR - Ошибка обновления модуля BaseStation
2025-09-27 14:48:21,683 - Module.BaseStation - ERROR - Ошибка обновления модуля BaseStation
2025-09-27 14:48:21,690 - Module.BaseStation - ERROR - Ошибка обновления модуля BaseStation
2025-09-27 14:48:21,697 - Module.BaseStation - ERROR - Ошибка обновления модуля BaseStation
2025-09-27 14:48:21,704 - Module.BaseStation - ERROR - Ошибка обновления модуля BaseStation
2025-09-27 14:48:21,711 - Module.BaseStation - ERROR - Ошибка обновления модуля BaseStation
2025-09-27 14:48:21,718 - Module.BaseStation - ERROR - Ошибка обновления модуля BaseStation
2025-09-27 14:48:21,725 - Module.BaseStation - ERROR - Ошибка обновления модуля BaseStation
2025-09-27 14:48:21,733 - Module.BaseStation - ERROR - Ошибка обновления модуля BaseStation
2025-09-27 14:48:21,740 - Module.BaseStation - ERROR - Ошибка обновления модуля BaseStation
2025-09-27 14:48:21,747 - Module.BaseStation - ERROR - Ошибка обновления модуля BaseStation
2025-09-27 14:48:21,754 - Module.BaseStation - ERROR - Ошибка обновления модуля BaseStation
2025-09-27 14:48:21,761 - Module.BaseStation - ERROR - Ошибка обновления модуля BaseStation
2025-09-27 14:48:21,768 - Module.BaseStation - ERROR - Ошибка обновления модуля BaseStation
2025-09-27 14:48:21,775 - Module.BaseStation - ERROR - Ошибка обновления модуля BaseStation
2025-09-27 14:48:21,782 - Module.BaseStation - ERROR - Ошибка обновления модуля BaseStation
2025-09-27 14:48:21,789 - Module.BaseStation - ERROR - Ошибка обновления модуля BaseStation
2025-09-27 14:48:21,796 - Module.BaseStation - ERROR - Ошибка обновления модуля BaseStation
2025-09-27 14:48:21,803 - Module.BaseStation - ERROR - Ошибка обновления модуля BaseStation
2025-09-27 14:48:21,810 - Module.BaseStation - ERROR - Ошибка обновления модуля BaseStation
2025-09-27 14:48:21,817 - Module.BaseStation - ERROR - Ошибка обновления модуля BaseStation
2025-09-27 14:48:21,824 - Module.BaseStation - ERROR - Ошибка обновления модуля BaseStation
2025-09-27 14:48:21,831 - Module.BaseStation - ERROR - Ошибка обновления модуля BaseStation
2025-09-27 14:48:21,837 - Module.BaseStation - ERROR - Ошибка обновления модуля BaseStation
2025-09-27 14:48:21,844 - Module.BaseStation - ERROR - Ошибка обновления модуля BaseStation
2025-09-27 14:48:21,851 - Module.BaseStation - ERROR - Ошибка обновления модуля BaseStation
2025-09-27 14:48:21,858 - Module.BaseStation - ERROR - Ошибка обновления модуля BaseStation
2025-09-27 14:48:21,865 - Module.BaseStation - ERROR - Ошибка обновления модуля BaseStation
2025-09-27 14:48:21,872 - Module.BaseStation - ERROR - Ошибка обновления модуля BaseStation
2025-09-27 14:48:21,879 - Module.BaseStation - ERROR - Ошибка обновления модуля BaseStation
2025-09-27 14:48:21,885 - Module.BaseStation - ERROR - Ошибка обновления модуля BaseStation
2025-09-27 14:48:21,892 - Module.BaseStation - ERROR - Ошибка обновления модуля BaseStation
2025-09-27 14:48:21,899 - Module.BaseStation - ERROR - Ошибка обновления модуля BaseStation
2025-09-27 14:48:21,906 - Module.BaseStation - ERROR - Ошибка обновления модуля BaseStation
2025-09-27 14:48:21,913 - Module.BaseStation - ERROR - Ошибка обновления модуля BaseStation
2025-09-27 14:48:21,920 - Module.BaseStation - ERROR - Ошибка обновления модуля BaseStation
2025-09-27 14:48:21,926 - Module.BaseStation - ERROR - Ошибка обновления модуля BaseStation
2025-09-27 14:48:21,933 - Module.BaseStation - ERROR - Ошибка обновления модуля BaseStation
2025-09-27 14:48:21,940 - Module.BaseStation - ERROR - Ошибка обновления модуля BaseStation
2025-09-27 14:48:21,947 - Module.BaseStation - ERROR - Ошибка обновления модуля BaseStation
2025-09-27 14:48:21,953 - Module.BaseStation - ERROR - Ошибка обновления модуля BaseStation
2025-09-27 14:48:21,960 - Module.BaseStation - ERROR - Ошибка обновления модуля BaseStation
2025-09-27 14:48:21,967 - Module.BaseStation - ERROR - Ошибка обновления модуля BaseStation
2025-09-27 14:48:21,973 - Module.BaseStation - ERROR - Ошибка обновления модуля BaseStation
2025-09-27 14:48:21,980 - Module.BaseStation - ERROR - Ошибка обновления модуля BaseStation
2025-09-27 14:48:21,987 - Module.BaseStation - ERROR - Ошибка обновления модуля BaseStation
2025-09-27 14:48:21,994 - Module.BaseStation - ERROR - Ошибка обновления модуля BaseStation
2025-09-27 14:48:22,001 - Module.BaseStation - ERROR - Ошибка обновления модуля BaseStation
2025-09-27 14:48:22,007 - Module.BaseStation - ERROR - Ошибка обновления модуля BaseStation
2025-09-27 14:48:22,014 - Module.BaseStation - ERROR - Ошибка обновления модуля BaseStation
2025-09-27 14:48:22,021 - Module.BaseStation - ERROR - Ошибка обновления модуля BaseStation
2025-09-27 14:48:22,028 - Module.BaseStation - ERROR - Ошибка обновления модуля BaseStation
2025-09-27 14:48:22,035 - Module.BaseStation - ERROR - Ошибка обновления модуля BaseStation
2025-09-27 14:48:22,041 - Module.BaseStation - ERROR - Ошибка обновления модуля BaseStation
2025-09-27 14:48:22,048 - Module.BaseStation - ERROR - Ошибка обновления модуля BaseStation
2025-09-27 14:48:22,055 - Module.BaseStation - ERROR - Ошибка обновления модуля BaseStation
2025-09-27 14:48:22,062 - Module.BaseStation - ERROR - Ошибка обновления модуля BaseStation
2025-09-27 14:48:22,068 - Module.BaseStation - ERROR - Ошибка обновления модуля BaseStation
2025-09-27 14:48:22,075 - Module.BaseStation - ERROR - Ошибка обновления модуля BaseStation
2025-09-27 14:48:22,082 - Module.BaseStation - ERROR - Ошибка обновления модуля BaseStation
2025-09-27 14:48:22,089 - Module.BaseStation - ERROR - Ошибка обновления модуля BaseStation
2025-09-27 14:48:22,096 - Module.BaseStation - ERROR - Ошибка обновления модуля BaseStation
2025-09-27 14:48:22,102 - Module.BaseStation - ERROR - Ошибка обновления модуля BaseStation
2025-09-27 14:48:22,109 - Module.BaseStation - ERROR - Ошибка обновления модуля BaseStation
2025-09-27 14:48:22,116 - Module.BaseStation - ERROR - Ошибка обновления модуля BaseStation
2025-09-27 14:48:22,123 - Module.BaseStation - ERROR - Ошибка обновления модуля BaseStation
2025-09-27 14:48:22,130 - Module.BaseStation - ERROR - Ошибка обновления модуля BaseStation
2025-09-27 14:48:22,136 - Module.BaseStation - ERROR - Ошибка обновления модуля BaseStation
2025-09-27 14:48:22,143 - Module.BaseStation - ERROR - Ошибка обновления модуля BaseStation
2025-09-27 14:48:22,150 - Module.BaseStation - ERROR - Ошибка обновления модуля BaseStation
2025-09-27 14:48:22,156 - Module.BaseStation - ERROR - Ошибка обновления модуля BaseStation
2025-09-27 14:48:22,163 - Module.BaseStation - ERROR - Ошибка обновления модуля BaseStation
2025-09-27 14:48:22,169 - Module.BaseStation - ERROR - Ошибка обновления модуля BaseStation
2025-09-27 14:48:22,176 - Module.BaseStation - ERROR - Ошибка обновления модуля BaseStation
2025-09-27 14:48:22,183 - Module.BaseStation - ERROR - Ошибка обновления модуля BaseStation
2025-09-27 14:48:22,190 - Module.BaseStation - ERROR - Ошибка обновления модуля BaseStation
2025-09-27 14:48:22,197 - Module.BaseStation - ERROR - Ошибка обновления модуля BaseStation
2025-09-27 14:48:22,204 - Module.BaseStation - ERROR - Ошибка обновления модуля BaseStation
2025-09-27 14:48:22,210 - Module.BaseStation - ERROR - Ошибка обновления модуля BaseStation
2025-09-27 14:48:22,217 - Module.BaseStation - ERROR - Ошибка обновления модуля BaseStation
2025-09-27 14:48:22,224 - Module.BaseStation - ERROR - Ошибка обновления модуля BaseStation
2025-09-27 14:48:22,230 - Module.BaseStation - ERROR - Ошибка обновления модуля BaseStation
2025-09-27 14:48:22,237 - Module.BaseStation - ERROR - Ошибка обновления модуля BaseStation
2025-09-27 14:48:22,244 - Module.BaseStation - ERROR - Ошибка обновления модуля BaseStation
2025-09-27 14:48:22,251 - Module.BaseStation - ERROR - Ошибка обновления модуля BaseStation
2025-09-27 14:48:22,258 - Module.BaseStation - ERROR - Ошибка обновления модуля BaseStation
2025-09-27 14:48:22,265 - Module.BaseStation - ERROR - Ошибка обновления модуля BaseStation
2025-09-27 14:48:22,271 - Module.BaseStation - ERROR - Ошибка обновления модуля BaseStation
2025-09-27 14:48:22,278 - Module.BaseStation - ERROR - Ошибка обновления модуля BaseStation
2025-09-27 14:48:22,285 - Module.BaseStation - ERROR - Ошибка обновления модуля BaseStation
2025-09-27 14:48:22,292 - Module.BaseStation - ERROR - Ошибка обновления модуля BaseStation
2025-09-27 14:48:22,298 - Module.BaseStation - ERROR - Ошибка обновления модуля BaseStation
2025-09-27 14:48:22,305 - Module.BaseStation - ERROR - Ошибка обновления модуля BaseStation
2025-09-27 14:48:22,312 - Module.BaseStation - ERROR - Ошибка обновления модуля BaseStation
2025-09-27 14:48:22,319 - Module.BaseStation - ERROR - Ошибка обновления модуля BaseStation
2025-09-27 14:48:22,326 - Module.BaseStation - ERROR - Ошибка обновления модуля BaseStation
2025-09-27 14:48:22,333 - Module.BaseStation - ERROR - Ошибка обновления модуля BaseStation
2025-09-27 14:48:22,339 - Module.BaseStation - ERROR - Ошибка обновления модуля BaseStation
2025-09-27 14:48:22,346 - Module.BaseStation - ERROR - Ошибка обновления модуля BaseStation
2025-09-27 14:48:22,353 - Module.BaseStation - ERROR - Ошибка обновления модуля BaseStation
2025-09-27 14:48:22,360 - Module.BaseStation - ERROR - Ошибка обновления модуля BaseStation
2025-09-27 14:48:22,367 - Module.BaseStation - ERROR - Ошибка обновления модуля BaseStation
2025-09-27 14:48:22,374 - Module.BaseStation - ERROR - Ошибка обновления модуля BaseStation
2025-09-27 14:48:22,380 - Module.BaseStation - ERROR - Ошибка обновления модуля BaseStation
2025-09-27 14:48:22,387 - Module.BaseStation - ERROR - Ошибка обновления модуля BaseStation
2025-09-27 14:48:22,394 - Module.BaseStation - ERROR - Ошибка обновления модуля BaseStation
2025-09-27 14:48:22,401 - Module.BaseStation - ERROR - Ошибка обновления модуля BaseStation
2025-09-27 14:48:22,408 - Module.BaseStation - ERROR - Ошибка обновления модуля BaseStation
2025-09-27 14:48:22,415 - Module.BaseStation - ERROR - Ошибка обновления модуля BaseStation
2025-09-27 14:48:22,421 - Module.BaseStation - ERROR - Ошибка обновления модуля BaseStation
2025-09-27 14:48:22,428 - Module.BaseStation - ERROR - Ошибка обновления модуля BaseStation
2025-09-27 14:48:22,435 - Module.BaseStation - ERROR - Ошибка обновления модуля BaseStation
2025-09-27 14:48:22,442 - Module.BaseStation - ERROR - Ошибка обновления модуля BaseStation
2025-09-27 14:48:22,449 - Module.BaseStation - ERROR - Ошибка обновления модуля BaseStation
2025-09-27 14:48:22,456 - Module.BaseStation - ERROR - Ошибка обновления модуля BaseStation
2025-09-27 14:48:22,463 - Module.BaseStation - ERROR - Ошибка обновления модуля BaseStation
2025-09-27 14:48:22,469 - Module.BaseStation - ERROR - Ошибка обновления модуля BaseStation
2025-09-27 14:48:22,476 - Module.BaseStation - ERROR - Ошибка обновления модуля BaseStation
2025-09-27 14:48:22,483 - Module.BaseStation - ERROR - Ошибка обновления модуля BaseStation
2025-09-27 14:48:22,490 - Module.BaseStation - ERROR - Ошибка обновления модуля BaseStation
2025-09-27 14:48:22,497 - Module.BaseStation - ERROR - Ошибка обновления модуля BaseStation
2025-09-27 14:48:22,504 - Module.BaseStation - ERROR - Ошибка обновления модуля BaseStation
2025-09-27 14:48:22,510 - Module.BaseStation - ERROR - Ошибка обновления модуля BaseStation
2025-09-27 14:48:22,518 - Module.BaseStation - ERROR - Ошибка обновления модуля BaseStation
2025-09-27 14:48:22,525 - Module.BaseStation - ERROR - Ошибка обновления модуля BaseStation
2025-09-27 14:48:22,532 - Module.BaseStation - ERROR - Ошибка обновления модуля BaseStation
2025-09-27 14:48:22,538 - Module.BaseStation - ERROR - Ошибка обновления модуля BaseStation
2025-09-27 14:48:22,545 - Module.BaseStation - ERROR - Ошибка обновления модуля BaseStation
2025-09-27 14:48:22,552 - Module.BaseStation - ERROR - Ошибка обновления модуля BaseStation
2025-09-27 14:48:22,559 - Module.BaseStation - ERROR - Ошибка обновления модуля BaseStation
2025-09-27 14:48:22,566 - Module.BaseStation - ERROR - Ошибка обновления модуля BaseStation
2025-09-27 14:48:22,573 - Module.BaseStation - ERROR - Ошибка обновления модуля BaseStation
2025-09-27 14:48:22,580 - Module.BaseStation - ERROR - Ошибка обновления модуля BaseStation
2025-09-27 14:48:22,586 - Module.BaseStation - ERROR - Ошибка обновления модуля BaseStation
2025-09-27 14:48:22,593 - Module.BaseStation - ERROR - Ошибка обновления модуля BaseStation
2025-09-27 14:48:22,600 - Module.BaseStation - ERROR - Ошибка обновления модуля BaseStation
2025-09-27 14:48:22,608 - Module.BaseStation - ERROR - Ошибка обновления модуля BaseStation
2025-09-27 14:48:22,615 - Module.BaseStation - ERROR - Ошибка обновления модуля BaseStation
2025-09-27 14:48:22,622 - Module.BaseStation - ERROR - Ошибка обновления модуля BaseStation
2025-09-27 14:48:22,629 - Module.BaseStation - ERROR - Ошибка обновления модуля BaseStation
2025-09-27 14:48:22,635 - Module.BaseStation - ERROR - Ошибка обновления модуля BaseStation
2025-09-27 14:48:22,642 - Module.BaseStation - ERROR - Ошибка обновления модуля BaseStation
2025-09-27 14:48:22,649 - Module.BaseStation - ERROR - Ошибка обновления модуля BaseStation
2025-09-27 14:48:22,656 - Module.BaseStation - ERROR - Ошибка обновления модуля BaseStation
2025-09-27 14:48:22,663 - Module.BaseStation - ERROR - Ошибка обновления модуля BaseStation
2025-09-27 14:48:22,670 - Module.BaseStation - ERROR - Ошибка обновления модуля BaseStation
2025-09-27 14:48:22,677 - Module.BaseStation - ERROR - Ошибка обновления модуля BaseStation
2025-09-27 14:48:22,684 - Module.BaseStation - ERROR - Ошибка обновления модуля BaseStation
2025-09-27 14:48:22,690 - Module.BaseStation - ERROR - Ошибка обновления модуля BaseStation
2025-09-27 14:48:22,697 - Module.BaseStation - ERROR - Ошибка обновления модуля BaseStation
2025-09-27 14:48:22,704 - Module.BaseStation - ERROR - Ошибка обновления модуля BaseStation
2025-09-27 14:48:22,711 - Module.BaseStation - ERROR - Ошибка обновления модуля BaseStation
2025-09-27 14:48:22,718 - Module.BaseStation - ERROR - Ошибка обновления модуля BaseStation
2025-09-27 14:48:22,725 - Module.BaseStation - ERROR - Ошибка обновления модуля BaseStation
2025-09-27 14:48:22,732 - Module.BaseStation - ERROR - Ошибка обновления модуля BaseStation
2025-09-27 14:48:22,739 - Module.BaseStation - ERROR - Ошибка обновления модуля BaseStation
2025-09-27 14:48:22,746 - Module.BaseStation - ERROR - Ошибка обновления модуля BaseStation
2025-09-27 14:48:22,753 - Module.BaseStation - ERROR - Ошибка обновления модуля BaseStation
2025-09-27 14:48:22,760 - Module.BaseStation - ERROR - Ошибка обновления модуля BaseStation
2025-09-27 14:48:22,767 - Module.BaseStation - ERROR - Ошибка обновления модуля BaseStation
2025-09-27 14:48:22,774 - Module.BaseStation - ERROR - Ошибка обновления модуля BaseStation
2025-09-27 14:48:22,781 - Module.BaseStation - ERROR - Ошибка обновления модуля BaseStation
2025-09-27 14:48:22,788 - Module.BaseStation - ERROR - Ошибка обновления модуля BaseStation
2025-09-27 14:48:22,795 - Module.BaseStation - ERROR - Ошибка обновления модуля BaseStation
2025-09-27 14:48:22,802 - Module.BaseStation - ERROR - Ошибка обновления модуля BaseStation
2025-09-27 14:48:22,810 - Module.BaseStation - ERROR - Ошибка обновления модуля BaseStation
2025-09-27 14:48:22,817 - Module.BaseStation - ERROR - Ошибка обновления модуля BaseStation
2025-09-27 14:48:22,824 - Module.BaseStation - ERROR - Ошибка обновления модуля BaseStation
2025-09-27 14:48:22,831 - Module.BaseStation - ERROR - Ошибка обновления модуля BaseStation
2025-09-27 14:48:22,838 - Module.BaseStation - ERROR - Ошибка обновления модуля BaseStation
2025-09-27 14:48:22,845 - Module.BaseStation - ERROR - Ошибка обновления модуля BaseStation
2025-09-27 14:48:22,852 - Module.BaseStation - ERROR - Ошибка обновления модуля BaseStation
2025-09-27 14:48:22,859 - Module.BaseStation - ERROR - Ошибка обновления модуля BaseStation
2025-09-27 14:48:22,866 - Module.BaseStation - ERROR - Ошибка обновления модуля BaseStation
2025-09-27 14:48:22,873 - Module.BaseStation - ERROR - Ошибка обновления модуля BaseStation
2025-09-27 14:48:22,880 - Module.BaseStation - ERROR - Ошибка обновления модуля BaseStation
2025-09-27 14:48:22,887 - Module.BaseStation - ERROR - Ошибка обновления модуля BaseStation
2025-09-27 14:48:22,894 - Module.BaseStation - ERROR - Ошибка обновления модуля BaseStation
2025-09-27 14:48:22,901 - Module.BaseStation - ERROR - Ошибка обновления модуля BaseStation
2025-09-27 14:48:22,908 - Module.BaseStation - ERROR - Ошибка обновления модуля BaseStation
2025-09-27 14:48:22,915 - Module.BaseStation - ERROR - Ошибка обновления модуля BaseStation
2025-09-27 14:48:22,922 - Module.BaseStation - ERROR - Ошибка обновления модуля BaseStation
2025-09-27 14:48:22,928 - Module.BaseStation - ERROR - Ошибка обновления модуля BaseStation
2025-09-27 14:48:22,935 - Module.BaseStation - ERROR - Ошибка обновления модуля BaseStation
2025-09-27 14:48:22,942 - Module.BaseStation - ERROR - Ошибка обновления модуля BaseStation
2025-09-27 14:48:22,950 - Module.BaseStation - ERROR - Ошибка обновления модуля BaseStation
2025-09-27 14:48:22,957 - Module.BaseStation - ERROR - Ошибка обновления модуля BaseStation
2025-09-27 14:48:22,964 - Module.BaseStation - ERROR - Ошибка обновления модуля BaseStation
2025-09-27 14:48:22,971 - Module.BaseStation - ERROR - Ошибка обновления модуля BaseStation
2025-09-27 14:48:22,979 - Module.BaseStation - ERROR - Ошибка обновления модуля BaseStation
2025-09-27 14:48:22,985 - Module.BaseStation - ERROR - Ошибка обновления модуля BaseStation
2025-09-27 14:48:22,992 - Module.BaseStation - ERROR - Ошибка обновления модуля BaseStation
2025-09-27 14:48:23,000 - Module.BaseStation - ERROR - Ошибка обновления модуля BaseStation
2025-09-27 14:48:23,006 - Module.BaseStation - ERROR - Ошибка обновления модуля BaseStation
2025-09-27 14:48:23,013 - Module.BaseStation - ERROR - Ошибка обновления модуля BaseStation
2025-09-27 14:48:23,020 - Module.BaseStation - ERROR - Ошибка обновления модуля BaseStation
2025-09-27 14:48:23,027 - Module.BaseStation - ERROR - Ошибка обновления модуля BaseStation
2025-09-27 14:48:23,035 - Module.BaseStation - ERROR - Ошибка обновления модуля BaseStation
2025-09-27 14:48:23,042 - Module.BaseStation - ERROR - Ошибка обновления модуля BaseStation
2025-09-27 14:48:23,049 - Module.BaseStation - ERROR - Ошибка обновления модуля BaseStation
2025-09-27 14:48:23,056 - Module.BaseStation - ERROR - Ошибка обновления модуля BaseStation
2025-09-27 14:48:23,063 - Module.BaseStation - ERROR - Ошибка обновления модуля BaseStation
2025-09-27 14:48:23,070 - Module.BaseStation - ERROR - Ошибка обновления модуля BaseStation
2025-09-27 14:48:23,077 - Module.BaseStation - ERROR - Ошибка обновления модуля BaseStation
2025-09-27 14:48:23,083 - Module.BaseStation - ERROR - Ошибка обновления модуля BaseStation
2025-09-27 14:48:23,090 - Module.BaseStation - ERROR - Ошибка обновления модуля BaseStation
2025-09-27 14:48:23,097 - Module.BaseStation - ERROR - Ошибка обновления модуля BaseStation
2025-09-27 14:48:23,104 - Module.BaseStation - ERROR - Ошибка обновления модуля BaseStation
2025-09-27 14:48:23,111 - Module.BaseStation - ERROR - Ошибка обновления модуля BaseStation
2025-09-27 14:48:23,118 - Module.BaseStation - ERROR - Ошибка обновления модуля BaseStation
2025-09-27 14:48:23,126 - Module.BaseStation - ERROR - Ошибка обновления модуля BaseStation
2025-09-27 14:48:23,132 - Module.BaseStation - ERROR - Ошибка обновления модуля BaseStation
2025-09-27 14:48:23,139 - Module.BaseStation - ERROR - Ошибка обновления модуля BaseStation
2025-09-27 14:48:23,146 - Module.BaseStation - ERROR - Ошибка обновления модуля BaseStation
2025-09-27 14:48:23,153 - Module.BaseStation - ERROR - Ошибка обновления модуля BaseStation
2025-09-27 14:48:23,160 - Module.BaseStation - ERROR - Ошибка обновления модуля BaseStation
2025-09-27 14:48:23,167 - Module.BaseStation - ERROR - Ошибка обновления модуля BaseStation
2025-09-27 14:48:23,174 - Module.BaseStation - ERROR - Ошибка обновления модуля BaseStation
2025-09-27 14:48:23,181 - Module.BaseStation - ERROR - Ошибка обновления модуля BaseStation
2025-09-27 14:48:23,188 - Module.BaseStation - ERROR - Ошибка обновления модуля BaseStation
2025-09-27 14:48:23,195 - Module.BaseStation - ERROR - Ошибка обновления модуля BaseStation
2025-09-27 14:48:23,202 - Module.BaseStation - ERROR - Ошибка обновления модуля BaseStation
2025-09-27 14:48:23,209 - Module.BaseStation - ERROR - Ошибка обновления модуля BaseStation
2025-09-27 14:48:23,216 - Module.BaseStation - ERROR - Ошибка обновления модуля BaseStation
2025-09-27 14:48:23,223 - Module.BaseStation - ERROR - Ошибка обновления модуля BaseStation
2025-09-27 14:48:23,230 - Module.BaseStation - ERROR - Ошибка обновления модуля BaseStation
2025-09-27 14:48:23,237 - Module.BaseStation - ERROR - Ошибка обновления модуля BaseStation
2025-09-27 14:48:23,244 - Module.BaseStation - ERROR - Ошибка обновления модуля BaseStation
2025-09-27 14:48:23,251 - Module.BaseStation - ERROR - Ошибка обновления модуля BaseStation
2025-09-27 14:48:23,258 - Module.BaseStation - ERROR - Ошибка обновления модуля BaseStation
2025-09-27 14:48:23,265 - Module.BaseStation - ERROR - Ошибка обновления модуля BaseStation
2025-09-27 14:48:23,273 - Module.BaseStation - ERROR - Ошибка обновления модуля BaseStation
2025-09-27 14:48:23,279 - Module.BaseStation - ERROR - Ошибка обновления модуля BaseStation
2025-09-27 14:48:23,287 - Module.BaseStation - ERROR - Ошибка обновления модуля BaseStation
2025-09-27 14:48:23,294 - Module.BaseStation - ERROR - Ошибка обновления модуля BaseStation
2025-09-27 14:48:23,300 - Module.BaseStation - ERROR - Ошибка обновления модуля BaseStation
2025-09-27 14:48:23,307 - Module.BaseStation - ERROR - Ошибка обновления модуля BaseStation
2025-09-27 14:48:23,314 - Module.BaseStation - ERROR - Ошибка обновления модуля BaseStation
2025-09-27 14:48:23,321 - Module.BaseStation - ERROR - Ошибка обновления модуля BaseStation
2025-09-27 14:48:23,328 - Module.BaseStation - ERROR - Ошибка обновления модуля BaseStation
2025-09-27 14:48:23,335 - Module.BaseStation - ERROR - Ошибка обновления модуля BaseStation
2025-09-27 14:48:23,341 - Module.BaseStation - ERROR - Ошибка обновления модуля BaseStation
2025-09-27 14:48:23,348 - Module.BaseStation - ERROR - Ошибка обновления модуля BaseStation
2025-09-27 14:48:23,355 - Module.BaseStation - ERROR - Ошибка обновления модуля BaseStation
2025-09-27 14:48:23,361 - Module.BaseStation - ERROR - Ошибка обновления модуля BaseStation
2025-09-27 14:48:23,368 - Module.BaseStation - ERROR - Ошибка обновления модуля BaseStation
2025-09-27 14:48:23,375 - Module.BaseStation - ERROR - Ошибка обновления модуля BaseStation
2025-09-27 14:48:23,381 - Module.BaseStation - ERROR - Ошибка обновления модуля BaseStation
2025-09-27 14:48:23,388 - Module.BaseStation - ERROR - Ошибка обновления модуля BaseStation
2025-09-27 14:48:23,395 - Module.BaseStation - ERROR - Ошибка обновления модуля BaseStation
2025-09-27 14:48:23,402 - Module.BaseStation - ERROR - Ошибка обновления модуля BaseStation
2025-09-27 14:48:23,408 - Module.BaseStation - ERROR - Ошибка обновления модуля BaseStation
2025-09-27 14:48:23,415 - Module.BaseStation - ERROR - Ошибка обновления модуля BaseStation
2025-09-27 14:48:23,422 - Module.BaseStation - ERROR - Ошибка обновления модуля BaseStation
2025-09-27 14:48:23,429 - Module.BaseStation - ERROR - Ошибка обновления модуля BaseStation
2025-09-27 14:48:23,435 - Module.BaseStation - ERROR - Ошибка обновления модуля BaseStation
2025-09-27 14:48:23,442 - Module.BaseStation - ERROR - Ошибка обновления модуля BaseStation
2025-09-27 14:48:23,449 - Module.BaseStation - ERROR - Ошибка обновления модуля BaseStation
2025-09-27 14:48:23,456 - Module.BaseStation - ERROR - Ошибка обновления модуля BaseStation
2025-09-27 14:48:23,463 - Module.BaseStation - ERROR - Ошибка обновления модуля BaseStation
2025-09-27 14:48:23,470 - Module.BaseStation - ERROR - Ошибка обновления модуля BaseStation
2025-09-27 14:48:23,477 - Module.BaseStation - ERROR - Ошибка обновления модуля BaseStation
2025-09-27 14:48:23,484 - Module.BaseStation - ERROR - Ошибка обновления модуля BaseStation
2025-09-27 14:48:23,490 - Module.BaseStation - ERROR - Ошибка обновления модуля BaseStation
2025-09-27 14:48:23,497 - Module.BaseStation - ERROR - Ошибка обновления модуля BaseStation
2025-09-27 14:48:23,503 - Module.BaseStation - ERROR - Ошибка обновления модуля BaseStation
2025-09-27 14:48:23,510 - Module.BaseStation - ERROR - Ошибка обновления модуля BaseStation
2025-09-27 14:48:23,517 - Module.BaseStation - ERROR - Ошибка обновления модуля BaseStation
2025-09-27 14:48:23,524 - Module.BaseStation - ERROR - Ошибка обновления модуля BaseStation
2025-09-27 14:48:23,531 - Module.BaseStation - ERROR - Ошибка обновления модуля BaseStation
2025-09-27 14:48:23,537 - Module.BaseStation - ERROR - Ошибка обновления модуля BaseStation
2025-09-27 14:48:23,544 - Module.BaseStation - ERROR - Ошибка обновления модуля BaseStation
2025-09-27 14:48:23,551 - Module.BaseStation - ERROR - Ошибка обновления модуля BaseStation
2025-09-27 14:48:23,558 - Module.BaseStation - ERROR - Ошибка обновления модуля BaseStation
2025-09-27 14:48:23,564 - Module.BaseStation - ERROR - Ошибка обновления модуля BaseStation
2025-09-27 14:48:23,572 - Module.BaseStation - ERROR - Ошибка обновления модуля BaseStation
2025-09-27 14:48:23,579 - Module.BaseStation - ERROR - Ошибка обновления модуля BaseStation
2025-09-27 14:48:23,585 - Module.BaseStation - ERROR - Ошибка обновления модуля BaseStation
2025-09-27 14:48:23,592 - Module.BaseStation - ERROR - Ошибка обновления модуля BaseStation
2025-09-27 14:48:23,599 - Module.BaseStation - ERROR - Ошибка обновления модуля BaseStation
2025-09-27 14:48:23,606 - Module.BaseStation - ERROR - Ошибка обновления модуля BaseStation
2025-09-27 14:48:23,613 - Module.BaseStation - ERROR - Ошибка обновления модуля BaseStation
2025-09-27 14:48:23,620 - Module.BaseStation - ERROR - Ошибка обновления модуля BaseStation
2025-09-27 14:48:23,627 - Module.BaseStation - ERROR - Ошибка обновления модуля BaseStation
2025-09-27 14:48:23,634 - Module.BaseStation - ERROR - Ошибка обновления модуля BaseStation
2025-09-27 14:48:23,640 - Module.BaseStation - ERROR - Ошибка обновления модуля BaseStation
2025-09-27 14:48:23,648 - Module.BaseStation - ERROR - Ошибка обновления модуля BaseStation
2025-09-27 14:48:23,654 - Module.BaseStation - ERROR - Ошибка обновления модуля BaseStation
2025-09-27 14:48:23,662 - Module.BaseStation - ERROR - Ошибка обновления модуля BaseStation
2025-09-27 14:48:23,668 - Module.BaseStation - ERROR - Ошибка обновления модуля BaseStation
2025-09-27 14:48:23,675 - Module.BaseStation - ERROR - Ошибка обновления модуля BaseStation
2025-09-27 14:48:23,684 - Module.BaseStation - ERROR - Ошибка обновления модуля BaseStation
2025-09-27 14:48:23,691 - Module.BaseStation - ERROR - Ошибка обновления модуля BaseStation
2025-09-27 14:48:23,711 - Module.BaseStation - ERROR - Ошибка обновления модуля BaseStation
2025-09-27 14:48:23,721 - Module.BaseStation - ERROR - Ошибка обновления модуля BaseStation
2025-09-27 14:48:23,730 - Module.BaseStation - ERROR - Ошибка обновления модуля BaseStation
2025-09-27 14:48:23,751 - Module.BaseStation - ERROR - Ошибка обновления модуля BaseStation
2025-09-27 14:48:23,773 - Module.BaseStation - ERROR - Ошибка обновления модуля BaseStation
2025-09-27 14:48:23,782 - Module.BaseStation - ERROR - Ошибка обновления модуля BaseStation
2025-09-27 14:48:23,792 - Module.BaseStation - ERROR - Ошибка обновления модуля BaseStation
2025-09-27 14:48:23,804 - Module.BaseStation - ERROR - Ошибка обновления модуля BaseStation
2025-09-27 14:48:23,812 - Module.BaseStation - ERROR - Ошибка обновления модуля BaseStation
2025-09-27 14:48:23,822 - Module.BaseStation - ERROR - Ошибка обновления модуля BaseStation
2025-09-27 14:48:23,836 - Module.BaseStation - ERROR - Ошибка обновления модуля BaseStation
2025-09-27 14:48:23,862 - Module.BaseStation - ERROR - Ошибка обновления модуля BaseStation
2025-09-27 14:48:23,883 - Module.BaseStation - ERROR - Ошибка обновления модуля BaseStation
2025-09-27 14:48:23,891 - Module.BaseStation - ERROR - Ошибка обновления модуля BaseStation
2025-09-27 14:48:23,916 - Module.BaseStation - ERROR - Ошибка обновления модуля BaseStation
2025-09-27 14:48:23,923 - Module.BaseStation - ERROR - Ошибка обновления модуля BaseStation
2025-09-27 14:48:23,930 - Module.BaseStation - ERROR - Ошибка обновления модуля BaseStation
2025-09-27 14:48:23,937 - Module.BaseStation - ERROR - Ошибка обновления модуля BaseStation
2025-09-27 14:48:23,946 - Module.BaseStation - ERROR - Ошибка обновления модуля BaseStation
2025-09-27 14:48:23,955 - Module.BaseStation - ERROR - Ошибка обновления модуля BaseStation
2025-09-27 14:48:23,965 - Module.BaseStation - ERROR - Ошибка обновления модуля BaseStation
2025-09-27 14:48:23,972 - Module.BaseStation - ERROR - Ошибка обновления модуля BaseStation
2025-09-27 14:48:23,992 - Module.BaseStation - ERROR - Ошибка обновления модуля BaseStation
2025-09-27 14:48:24,018 - Module.BaseStation - ERROR - Ошибка обновления модуля BaseStation
2025-09-27 14:48:24,027 - Module.BaseStation - ERROR - Ошибка обновления модуля BaseStation
2025-09-27 14:48:24,035 - Module.BaseStation - ERROR - Ошибка обновления модуля BaseStation
2025-09-27 14:48:24,042 - Module.BaseStation - ERROR - Ошибка обновления модуля BaseStation
2025-09-27 14:48:24,049 - Module.BaseStation - ERROR - Ошибка обновления модуля BaseStation
2025-09-27 14:48:24,059 - Module.BaseStation - ERROR - Ошибка обновления модуля BaseStation
2025-09-27 14:48:24,067 - Module.BaseStation - ERROR - Ошибка обновления модуля BaseStation
2025-09-27 14:48:24,074 - Module.BaseStation - ERROR - Ошибка обновления модуля BaseStation
2025-09-27 14:48:24,081 - Module.BaseStation - ERROR - Ошибка обновления модуля BaseStation
2025-09-27 14:48:24,091 - Module.BaseStation - ERROR - Ошибка обновления модуля BaseStation
2025-09-27 14:48:24,098 - Module.BaseStation - ERROR - Ошибка обновления модуля BaseStation
2025-09-27 14:48:24,105 - Module.BaseStation - ERROR - Ошибка обновления модуля BaseStation
2025-09-27 14:48:24,113 - Module.BaseStation - ERROR - Ошибка обновления модуля BaseStation
2025-09-27 14:48:24,120 - Module.BaseStation - ERROR - Ошибка обновления модуля BaseStation
2025-09-27 14:48:24,127 - Module.BaseStation - ERROR - Ошибка обновления модуля BaseStation
2025-09-27 14:48:24,134 - Module.BaseStation - ERROR - Ошибка обновления модуля BaseStation
2025-09-27 14:48:24,141 - Module.BaseStation - ERROR - Ошибка обновления модуля BaseStation
2025-09-27 14:48:24,148 - Module.BaseStation - ERROR - Ошибка обновления модуля BaseStation
2025-09-27 14:48:24,155 - Module.BaseStation - ERROR - Ошибка обновления модуля BaseStation
2025-09-27 14:48:24,163 - Module.BaseStation - ERROR - Ошибка обновления модуля BaseStation
2025-09-27 14:48:24,170 - Module.BaseStation - ERROR - Ошибка обновления модуля BaseStation
2025-09-27 14:48:24,178 - Module.BaseStation - ERROR - Ошибка обновления модуля BaseStation
2025-09-27 14:48:24,185 - Module.BaseStation - ERROR - Ошибка обновления модуля BaseStation
2025-09-27 14:48:24,191 - Module.BaseStation - ERROR - Ошибка обновления модуля BaseStation
2025-09-27 14:48:24,199 - Module.BaseStation - ERROR - Ошибка обновления модуля BaseStation
2025-09-27 14:48:24,205 - Module.BaseStation - ERROR - Ошибка обновления модуля BaseStation
2025-09-27 14:48:24,213 - Module.BaseStation - ERROR - Ошибка обновления модуля BaseStation
2025-09-27 14:48:24,220 - Module.BaseStation - ERROR - Ошибка обновления модуля BaseStation
2025-09-27 14:48:24,227 - Module.BaseStation - ERROR - Ошибка обновления модуля BaseStation
2025-09-27 14:48:24,234 - Module.BaseStation - ERROR - Ошибка обновления модуля BaseStation
2025-09-27 14:48:24,241 - Module.BaseStation - ERROR - Ошибка обновления модуля BaseStation
2025-09-27 14:48:24,248 - Module.BaseStation - ERROR - Ошибка обновления модуля BaseStation
2025-09-27 14:48:24,255 - Module.BaseStation - ERROR - Ошибка обновления модуля BaseStation
2025-09-27 14:48:24,262 - Module.BaseStation - ERROR - Ошибка обновления модуля BaseStation
2025-09-27 14:48:24,268 - Module.BaseStation - ERROR - Ошибка обновления модуля BaseStation
2025-09-27 14:48:24,275 - Module.BaseStation - ERROR - Ошибка обновления модуля BaseStation
2025-09-27 14:48:24,282 - Module.BaseStation - ERROR - Ошибка обновления модуля BaseStation
2025-09-27 14:48:24,289 - Module.BaseStation - ERROR - Ошибка обновления модуля BaseStation
2025-09-27 14:48:24,296 - Module.BaseStation - ERROR - Ошибка обновления модуля BaseStation
2025-09-27 14:48:24,303 - Module.BaseStation - ERROR - Ошибка обновления модуля BaseStation
2025-09-27 14:48:24,310 - Module.BaseStation - ERROR - Ошибка обновления модуля BaseStation
2025-09-27 14:48:24,317 - Module.BaseStation - ERROR - Ошибка обновления модуля BaseStation
2025-09-27 14:48:24,324 - Module.BaseStation - ERROR - Ошибка обновления модуля BaseStation
2025-09-27 14:48:24,331 - Module.BaseStation - ERROR - Ошибка обновления модуля BaseStation
2025-09-27 14:48:24,337 - Module.BaseStation - ERROR - Ошибка обновления модуля BaseStation
2025-09-27 14:48:24,344 - Module.BaseStation - ERROR - Ошибка обновления модуля BaseStation
2025-09-27 14:48:24,351 - Module.BaseStation - ERROR - Ошибка обновления модуля BaseStation
2025-09-27 14:48:24,357 - Module.BaseStation - ERROR - Ошибка обновления модуля BaseStation
2025-09-27 14:48:24,364 - Module.BaseStation - ERROR - Ошибка обновления модуля BaseStation
2025-09-27 14:48:24,371 - Module.BaseStation - ERROR - Ошибка обновления модуля BaseStation
2025-09-27 14:48:24,378 - Module.BaseStation - ERROR - Ошибка обновления модуля BaseStation
2025-09-27 14:48:24,385 - Module.BaseStation - ERROR - Ошибка обновления модуля BaseStation
2025-09-27 14:48:24,391 - Module.BaseStation - ERROR - Ошибка обновления модуля BaseStation
2025-09-27 14:48:24,398 - Module.BaseStation - ERROR - Ошибка обновления модуля BaseStation
2025-09-27 14:48:24,405 - Module.BaseStation - ERROR - Ошибка обновления модуля BaseStation
2025-09-27 14:48:24,412 - Module.BaseStation - ERROR - Ошибка обновления модуля BaseStation
2025-09-27 14:48:24,419 - Module.BaseStation - ERROR - Ошибка обновления модуля BaseStation
2025-09-27 14:48:24,426 - Module.BaseStation - ERROR - Ошибка обновления модуля BaseStation
2025-09-27 14:48:24,433 - Module.BaseStation - ERROR - Ошибка обновления модуля BaseStation
2025-09-27 14:48:24,439 - Module.BaseStation - ERROR - Ошибка обновления модуля BaseStation
2025-09-27 14:48:24,446 - Module.BaseStation - ERROR - Ошибка обновления модуля BaseStation
2025-09-27 14:48:24,453 - Module.BaseStation - ERROR - Ошибка обновления модуля BaseStation
2025-09-27 14:48:24,460 - Module.BaseStation - ERROR - Ошибка обновления модуля BaseStation
2025-09-27 14:48:24,466 - Module.BaseStation - ERROR - Ошибка обновления модуля BaseStation
2025-09-27 14:48:24,473 - Module.BaseStation - ERROR - Ошибка обновления модуля BaseStation
2025-09-27 14:48:24,480 - Module.BaseStation - ERROR - Ошибка обновления модуля BaseStation
2025-09-27 14:48:24,486 - Module.BaseStation - ERROR - Ошибка обновления модуля BaseStation
2025-09-27 14:48:24,493 - Module.BaseStation - ERROR - Ошибка обновления модуля BaseStation
2025-09-27 14:48:24,500 - Module.BaseStation - ERROR - Ошибка обновления модуля BaseStation
2025-09-27 14:48:24,507 - Module.BaseStation - ERROR - Ошибка обновления модуля BaseStation
2025-09-27 14:48:24,514 - Module.BaseStation - ERROR - Ошибка обновления модуля BaseStation
2025-09-27 14:48:24,521 - Module.BaseStation - ERROR - Ошибка обновления модуля BaseStation
2025-09-27 14:48:24,528 - Module.BaseStation - ERROR - Ошибка обновления модуля BaseStation
2025-09-27 14:48:24,535 - Module.BaseStation - ERROR - Ошибка обновления модуля BaseStation
2025-09-27 14:48:24,542 - Module.BaseStation - ERROR - Ошибка обновления модуля BaseStation
2025-09-27 14:48:24,548 - Module.BaseStation - ERROR - Ошибка обновления модуля BaseStation
2025-09-27 14:48:24,555 - Module.BaseStation - ERROR - Ошибка обновления модуля BaseStation
2025-09-27 14:48:24,562 - Module.BaseStation - ERROR - Ошибка обновления модуля BaseStation
2025-09-27 14:48:24,569 - Module.BaseStation - ERROR - Ошибка обновления модуля BaseStation
2025-09-27 14:48:24,576 - Module.BaseStation - ERROR - Ошибка обновления модуля BaseStation
2025-09-27 14:48:24,583 - Module.BaseStation - ERROR - Ошибка обновления модуля BaseStation
2025-09-27 14:48:24,589 - Module.BaseStation - ERROR - Ошибка обновления модуля BaseStation
2025-09-27 14:48:24,596 - Module.BaseStation - ERROR - Ошибка обновления модуля BaseStation
2025-09-27 14:48:24,603 - Module.BaseStation - ERROR - Ошибка обновления модуля BaseStation
2025-09-27 14:48:24,610 - Module.BaseStation - ERROR - Ошибка обновления модуля BaseStation
2025-09-27 14:48:24,617 - Module.BaseStation - ERROR - Ошибка обновления модуля BaseStation
2025-09-27 14:48:24,623 - Module.BaseStation - ERROR - Ошибка обновления модуля BaseStation
2025-09-27 14:48:24,630 - Module.BaseStation - ERROR - Ошибка обновления модуля BaseStation
2025-09-27 14:48:24,637 - Module.BaseStation - ERROR - Ошибка обновления модуля BaseStation
2025-09-27 14:48:24,644 - Module.BaseStation - ERROR - Ошибка обновления модуля BaseStation
2025-09-27 14:48:24,651 - Module.BaseStation - ERROR - Ошибка обновления модуля BaseStation
2025-09-27 14:48:24,657 - Module.BaseStation - ERROR - Ошибка обновления модуля BaseStation
2025-09-27 14:48:24,664 - Module.BaseStation - ERROR - Ошибка обновления модуля BaseStation
2025-09-27 14:48:24,671 - Module.BaseStation - ERROR - Ошибка обновления модуля BaseStation
2025-09-27 14:48:24,678 - Module.BaseStation - ERROR - Ошибка обновления модуля BaseStation
2025-09-27 14:48:24,685 - Module.BaseStation - ERROR - Ошибка обновления модуля BaseStation
2025-09-27 14:48:24,692 - Module.BaseStation - ERROR - Ошибка обновления модуля BaseStation
2025-09-27 14:48:24,698 - Module.BaseStation - ERROR - Ошибка обновления модуля BaseStation
2025-09-27 14:48:24,705 - Module.BaseStation - ERROR - Ошибка обновления модуля BaseStation
2025-09-27 14:48:24,712 - Module.BaseStation - ERROR - Ошибка обновления модуля BaseStation
2025-09-27 14:48:24,719 - Module.BaseStation - ERROR - Ошибка обновления модуля BaseStation
2025-09-27 14:48:24,726 - Module.BaseStation - ERROR - Ошибка обновления модуля BaseStation
2025-09-27 14:48:24,732 - Module.BaseStation - ERROR - Ошибка обновления модуля BaseStation
2025-09-27 14:48:24,739 - Module.BaseStation - ERROR - Ошибка обновления модуля BaseStation
2025-09-27 14:48:24,746 - Module.BaseStation - ERROR - Ошибка обновления модуля BaseStation
2025-09-27 14:48:24,753 - Module.BaseStation - ERROR - Ошибка обновления модуля BaseStation
2025-09-27 14:48:24,760 - Module.BaseStation - ERROR - Ошибка обновления модуля BaseStation
2025-09-27 14:48:24,767 - Module.BaseStation - ERROR - Ошибка обновления модуля BaseStation
2025-09-27 14:48:24,773 - Module.BaseStation - ERROR - Ошибка обновления модуля BaseStation
2025-09-27 14:48:24,780 - Module.BaseStation - ERROR - Ошибка обновления модуля BaseStation
2025-09-27 14:48:24,787 - Module.BaseStation - ERROR - Ошибка обновления модуля BaseStation
2025-09-27 14:48:24,794 - Module.BaseStation - ERROR - Ошибка обновления модуля BaseStation
2025-09-27 14:48:24,800 - Module.BaseStation - ERROR - Ошибка обновления модуля BaseStation
2025-09-27 14:48:24,807 - Module.BaseStation - ERROR - Ошибка обновления модуля BaseStation
2025-09-27 14:48:24,814 - Module.BaseStation - ERROR - Ошибка обновления модуля BaseStation
2025-09-27 14:48:24,821 - Module.BaseStation - ERROR - Ошибка обновления модуля BaseStation
2025-09-27 14:48:24,828 - Module.BaseStation - ERROR - Ошибка обновления модуля BaseStation
2025-09-27 14:48:24,835 - Module.BaseStation - ERROR - Ошибка обновления модуля BaseStation
2025-09-27 14:48:24,841 - Module.BaseStation - ERROR - Ошибка обновления модуля BaseStation
2025-09-27 14:48:24,848 - Module.BaseStation - ERROR - Ошибка обновления модуля BaseStation
2025-09-27 14:48:24,855 - Module.BaseStation - ERROR - Ошибка обновления модуля BaseStation
2025-09-27 14:48:24,862 - Module.BaseStation - ERROR - Ошибка обновления модуля BaseStation
2025-09-27 14:48:24,869 - Module.BaseStation - ERROR - Ошибка обновления модуля BaseStation
2025-09-27 14:48:24,875 - Module.BaseStation - ERROR - Ошибка обновления модуля BaseStation
2025-09-27 14:48:24,882 - Module.BaseStation - ERROR - Ошибка обновления модуля BaseStation
2025-09-27 14:48:24,889 - Module.BaseStation - ERROR - Ошибка обновления модуля BaseStation
2025-09-27 14:48:24,896 - Module.BaseStation - ERROR - Ошибка обновления модуля BaseStation
2025-09-27 14:48:24,903 - Module.BaseStation - ERROR - Ошибка обновления модуля BaseStation
2025-09-27 14:48:24,910 - Module.BaseStation - ERROR - Ошибка обновления модуля BaseStation
2025-09-27 14:48:24,916 - Module.BaseStation - ERROR - Ошибка обновления модуля BaseStation
2025-09-27 14:48:24,923 - Module.BaseStation - ERROR - Ошибка обновления модуля BaseStation
2025-09-27 14:48:24,930 - Module.BaseStation - ERROR - Ошибка обновления модуля BaseStation
2025-09-27 14:48:24,937 - Module.BaseStation - ERROR - Ошибка обновления модуля BaseStation
2025-09-27 14:48:24,944 - Module.BaseStation - ERROR - Ошибка обновления модуля BaseStation
2025-09-27 14:48:24,950 - Module.BaseStation - ERROR - Ошибка обновления модуля BaseStation
2025-09-27 14:48:24,957 - Module.BaseStation - ERROR - Ошибка обновления модуля BaseStation
2025-09-27 14:48:24,964 - Module.BaseStation - ERROR - Ошибка обновления модуля BaseStation
2025-09-27 14:48:24,971 - Module.BaseStation - ERROR - Ошибка обновления модуля BaseStation
2025-09-27 14:48:24,978 - Module.BaseStation - ERROR - Ошибка обновления модуля BaseStation
2025-09-27 14:48:24,985 - Module.BaseStation - ERROR - Ошибка обновления модуля BaseStation
2025-09-27 14:48:24,992 - Module.BaseStation - ERROR - Ошибка обновления модуля BaseStation
2025-09-27 14:48:24,999 - Module.BaseStation - ERROR - Ошибка обновления модуля BaseStation
2025-09-27 14:48:25,005 - Module.BaseStation - ERROR - Ошибка обновления модуля BaseStation
2025-09-27 14:48:25,012 - Module.BaseStation - ERROR - Ошибка обновления модуля BaseStation
2025-09-27 14:48:25,019 - Module.BaseStation - ERROR - Ошибка обновления модуля BaseStation
2025-09-27 14:48:25,026 - Module.BaseStation - ERROR - Ошибка обновления модуля BaseStation
2025-09-27 14:48:25,033 - Module.BaseStation - ERROR - Ошибка обновления модуля BaseStation
2025-09-27 14:48:25,039 - Module.BaseStation - ERROR - Ошибка обновления модуля BaseStation
2025-09-27 14:48:25,046 - Module.BaseStation - ERROR - Ошибка обновления модуля BaseStation
2025-09-27 14:48:25,053 - Module.BaseStation - ERROR - Ошибка обновления модуля BaseStation
2025-09-27 14:48:25,060 - Module.BaseStation - ERROR - Ошибка обновления модуля BaseStation
2025-09-27 14:48:25,067 - Module.BaseStation - ERROR - Ошибка обновления модуля BaseStation
2025-09-27 14:48:25,074 - Module.BaseStation - ERROR - Ошибка обновления модуля BaseStation
2025-09-27 14:48:25,080 - Module.BaseStation - ERROR - Ошибка обновления модуля BaseStation
2025-09-27 14:48:25,087 - Module.BaseStation - ERROR - Ошибка обновления модуля BaseStation
2025-09-27 14:48:25,094 - Module.BaseStation - ERROR - Ошибка обновления модуля BaseStation
2025-09-27 14:48:25,101 - Module.BaseStation - ERROR - Ошибка обновления модуля BaseStation
2025-09-27 14:48:25,108 - Module.BaseStation - ERROR - Ошибка обновления модуля BaseStation
2025-09-27 14:48:25,115 - Module.BaseStation - ERROR - Ошибка обновления модуля BaseStation
2025-09-27 14:48:25,121 - Module.BaseStation - ERROR - Ошибка обновления модуля BaseStation
2025-09-27 14:48:25,128 - Module.BaseStation - ERROR - Ошибка обновления модуля BaseStation
2025-09-27 14:48:25,135 - Module.BaseStation - ERROR - Ошибка обновления модуля BaseStation
2025-09-27 14:48:25,142 - Module.BaseStation - ERROR - Ошибка обновления модуля BaseStation
2025-09-27 14:48:25,148 - Module.BaseStation - ERROR - Ошибка обновления модуля BaseStation
2025-09-27 14:48:25,155 - Module.BaseStation - ERROR - Ошибка обновления модуля BaseStation
2025-09-27 14:48:25,162 - Module.BaseStation - ERROR - Ошибка обновления модуля BaseStation
2025-09-27 14:48:25,169 - Module.BaseStation - ERROR - Ошибка обновления модуля BaseStation
2025-09-27 14:48:25,176 - Module.BaseStation - ERROR - Ошибка обновления модуля BaseStation
2025-09-27 14:48:25,183 - Module.BaseStation - ERROR - Ошибка обновления модуля BaseStation
2025-09-27 14:48:25,189 - Module.BaseStation - ERROR - Ошибка обновления модуля BaseStation
2025-09-27 14:48:25,196 - Module.BaseStation - ERROR - Ошибка обновления модуля BaseStation
2025-09-27 14:48:25,203 - Module.BaseStation - ERROR - Ошибка обновления модуля BaseStation
2025-09-27 14:48:25,210 - Module.BaseStation - ERROR - Ошибка обновления модуля BaseStation
2025-09-27 14:48:25,217 - Module.BaseStation - ERROR - Ошибка обновления модуля BaseStation
2025-09-27 14:48:25,223 - Module.BaseStation - ERROR - Ошибка обновления модуля BaseStation
2025-09-27 14:48:25,230 - Module.BaseStation - ERROR - Ошибка обновления модуля BaseStation
2025-09-27 14:48:25,237 - Module.BaseStation - ERROR - Ошибка обновления модуля BaseStation
2025-09-27 14:48:25,244 - Module.BaseStation - ERROR - Ошибка обновления модуля BaseStation
2025-09-27 14:48:25,251 - Module.BaseStation - ERROR - Ошибка обновления модуля BaseStation
2025-09-27 14:48:25,257 - Module.BaseStation - ERROR - Ошибка обновления модуля BaseStation
2025-09-27 14:48:25,264 - Module.BaseStation - ERROR - Ошибка обновления модуля BaseStation
2025-09-27 14:48:25,271 - Module.BaseStation - ERROR - Ошибка обновления модуля BaseStation
2025-09-27 14:48:25,278 - Module.BaseStation - ERROR - Ошибка обновления модуля BaseStation
2025-09-27 14:48:25,284 - Module.BaseStation - ERROR - Ошибка обновления модуля BaseStation
2025-09-27 14:48:25,291 - Module.BaseStation - ERROR - Ошибка обновления модуля BaseStation
2025-09-27 14:48:25,298 - Module.BaseStation - ERROR - Ошибка обновления модуля BaseStation
2025-09-27 14:48:25,305 - Module.BaseStation - ERROR - Ошибка обновления модуля BaseStation
2025-09-27 14:48:25,311 - Module.BaseStation - ERROR - Ошибка обновления модуля BaseStation
2025-09-27 14:48:25,318 - Module.BaseStation - ERROR - Ошибка обновления модуля BaseStation
2025-09-27 14:48:25,325 - Module.BaseStation - ERROR - Ошибка обновления модуля BaseStation
2025-09-27 14:48:25,332 - Module.BaseStation - ERROR - Ошибка обновления модуля BaseStation
2025-09-27 14:48:25,338 - Module.BaseStation - ERROR - Ошибка обновления модуля BaseStation
2025-09-27 14:48:25,345 - Module.BaseStation - ERROR - Ошибка обновления модуля BaseStation
2025-09-27 14:48:25,352 - Module.BaseStation - ERROR - Ошибка обновления модуля BaseStation
2025-09-27 14:48:25,359 - Module.BaseStation - ERROR - Ошибка обновления модуля BaseStation
2025-09-27 14:48:25,366 - Module.BaseStation - ERROR - Ошибка обновления модуля BaseStation
2025-09-27 14:48:25,372 - Module.BaseStation - ERROR - Ошибка обновления модуля BaseStation
2025-09-27 14:48:25,379 - Module.BaseStation - ERROR - Ошибка обновления модуля BaseStation
2025-09-27 14:48:25,386 - Module.BaseStation - ERROR - Ошибка обновления модуля BaseStation
2025-09-27 14:48:25,393 - Module.BaseStation - ERROR - Ошибка обновления модуля BaseStation
2025-09-27 14:48:25,400 - Module.BaseStation - ERROR - Ошибка обновления модуля BaseStation
2025-09-27 14:48:25,406 - Module.BaseStation - ERROR - Ошибка обновления модуля BaseStation
2025-09-27 14:48:25,413 - Module.BaseStation - ERROR - Ошибка обновления модуля BaseStation
2025-09-27 14:48:25,420 - Module.BaseStation - ERROR - Ошибка обновления модуля BaseStation
2025-09-27 14:48:25,427 - Module.BaseStation - ERROR - Ошибка обновления модуля BaseStation
2025-09-27 14:48:25,434 - Module.BaseStation - ERROR - Ошибка обновления модуля BaseStation
2025-09-27 14:48:25,440 - Module.BaseStation - ERROR - Ошибка обновления модуля BaseStation
2025-09-27 14:48:25,447 - Module.BaseStation - ERROR - Ошибка обновления модуля BaseStation
2025-09-27 14:48:25,454 - Module.BaseStation - ERROR - Ошибка обновления модуля BaseStation
2025-09-27 14:48:25,461 - Module.BaseStation - ERROR - Ошибка обновления модуля BaseStation
2025-09-27 14:48:25,467 - Module.BaseStation - ERROR - Ошибка обновления модуля BaseStation
2025-09-27 14:48:25,474 - Module.BaseStation - ERROR - Ошибка обновления модуля BaseStation
2025-09-27 14:48:25,481 - Module.BaseStation - ERROR - Ошибка обновления модуля BaseStation
2025-09-27 14:48:25,487 - Module.BaseStation - ERROR - Ошибка обновления модуля BaseStation
2025-09-27 14:48:25,495 - Module.BaseStation - ERROR - Ошибка обновления модуля BaseStation
2025-09-27 14:48:25,502 - Module.BaseStation - ERROR - Ошибка обновления модуля BaseStation
2025-09-27 14:48:25,509 - Module.BaseStation - ERROR - Ошибка обновления модуля BaseStation
2025-09-27 14:48:25,515 - Module.BaseStation - ERROR - Ошибка обновления модуля BaseStation
2025-09-27 14:48:25,522 - Module.BaseStation - ERROR - Ошибка обновления модуля BaseStation
2025-09-27 14:48:25,529 - Module.BaseStation - ERROR - Ошибка обновления модуля BaseStation
2025-09-27 14:48:25,536 - Module.BaseStation - ERROR - Ошибка обновления модуля BaseStation
2025-09-27 14:48:25,542 - Module.BaseStation - ERROR - Ошибка обновления модуля BaseStation
2025-09-27 14:48:25,549 - Module.BaseStation - ERROR - Ошибка обновления модуля BaseStation
2025-09-27 14:48:25,556 - Module.BaseStation - ERROR - Ошибка обновления модуля BaseStation
2025-09-27 14:48:25,563 - Module.BaseStation - ERROR - Ошибка обновления модуля BaseStation
2025-09-27 14:48:25,570 - Module.BaseStation - ERROR - Ошибка обновления модуля BaseStation
2025-09-27 14:48:25,577 - SimulationCoordinator - INFO - Остановка симуляции
2025-09-27 14:48:25,577 - Module.BaseStation - INFO - Модуль BaseStation остановлен
2025-09-27 14:48:25,577 - SimulationCoordinator - INFO - Модуль BaseStation остановлен
2025-09-27 14:48:25,578 - Module.ResourceGrid - INFO - Модуль ResourceGrid остановлен
2025-09-27 14:48:25,578 - SimulationCoordinator - INFO - Модуль ResourceGrid остановлен
2025-09-27 14:48:25,578 - Module.ChannelModel_UMi - INFO - Модуль ChannelModel_UMi остановлен
2025-09-27 14:48:25,578 - SimulationCoordinator - INFO - Модуль ChannelModel остановлен
2025-09-27 14:48:25,578 - Module.MobilityModel_RandomWalk - INFO - Модуль MobilityModel_RandomWalk остановлен
2025-09-27 14:48:25,578 - SimulationCoordinator - INFO - Модуль MobilityModel остановлен
2025-09-27 14:48:25,578 - Module.TrafficModel_Poisson - INFO - Модуль TrafficModel_Poisson остановлен
2025-09-27 14:48:25,578 - SimulationCoordinator - INFO - Модуль TrafficModel остановлен
2025-09-27 14:48:25,578 - Module.Scheduler_RoundRobin - INFO - Модуль Scheduler_RoundRobin остановлен
2025-09-27 14:48:25,578 - SimulationCoordinator - INFO - Модуль Scheduler остановлен
2025-09-27 14:48:25,578 - Module.UE_1 - INFO - Модуль UE_1 остановлен
2025-09-27 14:48:25,579 - SimulationCoordinator - INFO - Модуль UE_1 остановлен
2025-09-27 14:48:25,579 - Module.UE_2 - INFO - Модуль UE_2 остановлен
2025-09-27 14:48:25,579 - SimulationCoordinator - INFO - Модуль UE_2 остановлен
2025-09-27 14:48:25,579 - Module.UE_3 - INFO - Модуль UE_3 остановлен
2025-09-27 14:48:25,579 - SimulationCoordinator - INFO - Модуль UE_3 остановлен
2025-09-27 14:48:25,601 - SimulationCoordinator - INFO - Метрики сохранены в example_simulation_metrics.json
2025-09-27 14:48:25,601 - SimulationCoordinator - INFO - Симуляция остановлена
2025-10-07 11:13:35,162 - SimulationCoordinator - INFO - Модуль BaseStation зарегистрирован
2025-10-07 11:13:35,164 - SimulationCoordinator - INFO - Модуль ResourceGrid зарегистрирован
2025-10-07 11:13:35,164 - SimulationCoordinator - INFO - Модуль ChannelModel зарегистрирован
2025-10-07 11:13:35,164 - SimulationCoordinator - INFO - Модуль MobilityModel зарегистрирован
2025-10-07 11:13:35,165 - SimulationCoordinator - INFO - Модуль TrafficModel зарегистрирован
2025-10-07 11:13:35,165 - SimulationCoordinator - INFO - Модуль Scheduler зарегистрирован
2025-10-07 11:13:35,165 - SimulationCoordinator - INFO - Модуль UE_1 зарегистрирован
2025-10-07 11:13:35,165 - SimulationCoordinator - INFO - Модуль UE_2 зарегистрирован
2025-10-07 11:13:35,165 - SimulationCoordinator - INFO - Модуль UE_3 зарегистрирован
2025-10-07 11:13:35,165 - SimulationCoordinator - INFO - Начало инициализации симуляции
2025-10-07 11:13:35,165 - Module.BaseStation - INFO - Модуль BaseStation инициализирован
2025-10-07 11:13:35,165 - SimulationCoordinator - INFO - Модуль BaseStation инициализирован
2025-10-07 11:13:35,165 - Module.ResourceGrid - INFO - Модуль ResourceGrid инициализирован
2025-10-07 11:13:35,165 - SimulationCoordinator - INFO - Модуль ResourceGrid инициализирован
2025-10-07 11:13:35,165 - Module.ChannelModel_UMi - INFO - Модуль ChannelModel_UMi инициализирован
2025-10-07 11:13:35,166 - SimulationCoordinator - INFO - Модуль ChannelModel инициализирован
2025-10-07 11:13:35,166 - Module.MobilityModel_RandomWalk - INFO - Модуль MobilityModel_RandomWalk инициализирован
2025-10-07 11:13:35,166 - SimulationCoordinator - INFO - Модуль MobilityModel инициализирован
2025-10-07 11:13:35,166 - Module.TrafficModel_Poisson - INFO - Модуль TrafficModel_Poisson инициализирован
2025-10-07 11:13:35,166 - SimulationCoordinator - INFO - Модуль TrafficModel инициализирован
2025-10-07 11:13:35,166 - Module.Scheduler_RoundRobin - INFO - Модуль Scheduler_RoundRobin инициализирован
2025-10-07 11:13:35,166 - SimulationCoordinator - INFO - Модуль Scheduler инициализирован
2025-10-07 11:13:35,166 - Module.UE_1 - INFO - Модуль UE_1 инициализирован
2025-10-07 11:13:35,166 - SimulationCoordinator - INFO - Модуль UE_1 инициализирован
2025-10-07 11:13:35,166 - Module.UE_2 - INFO - Модуль UE_2 инициализирован
2025-10-07 11:13:35,166 - SimulationCoordinator - INFO - Модуль UE_2 инициализирован
2025-10-07 11:13:35,166 - Module.UE_3 - INFO - Модуль UE_3 инициализирован
2025-10-07 11:13:35,167 - SimulationCoordinator - INFO - Модуль UE_3 инициализирован
2025-10-07 11:13:35,167 - SimulationCoordinator - INFO - Инициализация симуляции завершена
2025-10-07 11:13:35,167 - SimulationCoordinator - INFO - Запуск симуляции на 5000 мс
2025-10-07 11:13:35,167 - Module.BaseStation - INFO - Модуль BaseStation запущен
2025-10-07 11:13:35,167 - SimulationCoordinator - INFO - Модуль BaseStation запущен
2025-10-07 11:13:35,167 - Module.ResourceGrid - INFO - Модуль ResourceGrid запущен
2025-10-07 11:13:35,167 - SimulationCoordinator - INFO - Модуль ResourceGrid запущен
2025-10-07 11:13:35,167 - Module.ChannelModel_UMi - INFO - Модуль ChannelModel_UMi запущен
2025-10-07 11:13:35,167 - SimulationCoordinator - INFO - Модуль ChannelModel запущен
2025-10-07 11:13:35,167 - Module.MobilityModel_RandomWalk - INFO - Модуль MobilityModel_RandomWalk запущен
2025-10-07 11:13:35,167 - SimulationCoordinator - INFO - Модуль MobilityModel запущен
2025-10-07 11:13:35,167 - Module.TrafficModel_Poisson - INFO - Модуль TrafficModel_Poisson запущен
2025-10-07 11:13:35,167 - SimulationCoordinator - INFO - Модуль TrafficModel запущен
2025-10-07 11:13:35,167 - Module.Scheduler_RoundRobin - INFO - Модуль Scheduler_RoundRobin запущен
2025-10-07 11:13:35,167 - SimulationCoordinator - INFO - Модуль Scheduler запущен
2025-10-07 11:13:35,167 - Module.UE_1 - INFO - Модуль UE_1 запущен
2025-10-07 11:13:35,167 - SimulationCoordinator - INFO - Модуль UE_1 запущен
2025-10-07 11:13:35,167 - Module.UE_2 - INFO - Модуль UE_2 запущен
2025-10-07 11:13:35,167 - SimulationCoordinator - INFO - Модуль UE_2 запущен
2025-10-07 11:13:35,167 - Module.UE_3 - INFO - Модуль UE_3 запущен
2025-10-07 11:13:35,168 - SimulationCoordinator - INFO - Модуль UE_3 запущен
2025-10-07 11:13:35,176 - Module.BaseStation - ERROR - Ошибка обновления модуля BaseStation
2025-10-07 11:13:35,182 - Module.BaseStation - ERROR - Ошибка обновления модуля BaseStation
2025-10-07 11:13:35,189 - Module.BaseStation - ERROR - Ошибка обновления модуля BaseStation
2025-10-07 11:13:35,196 - Module.BaseStation - ERROR - Ошибка обновления модуля BaseStation
2025-10-07 11:13:35,202 - Module.BaseStation - ERROR - Ошибка обновления модуля BaseStation
2025-10-07 11:13:35,209 - Module.BaseStation - ERROR - Ошибка обновления модуля BaseStation
2025-10-07 11:13:35,215 - Module.BaseStation - ERROR - Ошибка обновления модуля BaseStation
2025-10-07 11:13:35,222 - Module.BaseStation - ERROR - Ошибка обновления модуля BaseStation
2025-10-07 11:13:35,229 - Module.BaseStation - ERROR - Ошибка обновления модуля BaseStation
2025-10-07 11:13:35,235 - Module.BaseStation - ERROR - Ошибка обновления модуля BaseStation
2025-10-07 11:13:35,242 - Module.BaseStation - ERROR - Ошибка обновления модуля BaseStation
2025-10-07 11:13:35,248 - Module.BaseStation - ERROR - Ошибка обновления модуля BaseStation
2025-10-07 11:13:35,255 - Module.BaseStation - ERROR - Ошибка обновления модуля BaseStation
2025-10-07 11:13:35,261 - Module.BaseStation - ERROR - Ошибка обновления модуля BaseStation
2025-10-07 11:13:35,268 - Module.BaseStation - ERROR - Ошибка обновления модуля BaseStation
2025-10-07 11:13:35,274 - Module.BaseStation - ERROR - Ошибка обновления модуля BaseStation
2025-10-07 11:13:35,281 - Module.BaseStation - ERROR - Ошибка обновления модуля BaseStation
2025-10-07 11:13:35,287 - Module.BaseStation - ERROR - Ошибка обновления модуля BaseStation
2025-10-07 11:13:35,294 - Module.BaseStation - ERROR - Ошибка обновления модуля BaseStation
2025-10-07 11:13:35,300 - Module.BaseStation - ERROR - Ошибка обновления модуля BaseStation
2025-10-07 11:13:35,307 - Module.BaseStation - ERROR - Ошибка обновления модуля BaseStation
2025-10-07 11:13:35,313 - Module.BaseStation - ERROR - Ошибка обновления модуля BaseStation
2025-10-07 11:13:35,320 - Module.BaseStation - ERROR - Ошибка обновления модуля BaseStation
2025-10-07 11:13:35,326 - Module.BaseStation - ERROR - Ошибка обновления модуля BaseStation
2025-10-07 11:13:35,333 - Module.BaseStation - ERROR - Ошибка обновления модуля BaseStation
2025-10-07 11:13:35,339 - Module.BaseStation - ERROR - Ошибка обновления модуля BaseStation
2025-10-07 11:13:35,346 - Module.BaseStation - ERROR - Ошибка обновления модуля BaseStation
2025-10-07 11:13:35,352 - Module.BaseStation - ERROR - Ошибка обновления модуля BaseStation
2025-10-07 11:13:35,359 - Module.BaseStation - ERROR - Ошибка обновления модуля BaseStation
2025-10-07 11:13:35,365 - Module.BaseStation - ERROR - Ошибка обновления модуля BaseStation
2025-10-07 11:13:35,371 - Module.BaseStation - ERROR - Ошибка обновления модуля BaseStation
2025-10-07 11:13:35,378 - Module.BaseStation - ERROR - Ошибка обновления модуля BaseStation
2025-10-07 11:13:35,384 - Module.BaseStation - ERROR - Ошибка обновления модуля BaseStation
2025-10-07 11:13:35,391 - Module.BaseStation - ERROR - Ошибка обновления модуля BaseStation
2025-10-07 11:13:35,397 - Module.BaseStation - ERROR - Ошибка обновления модуля BaseStation
2025-10-07 11:13:35,404 - Module.BaseStation - ERROR - Ошибка обновления модуля BaseStation
2025-10-07 11:13:35,410 - Module.BaseStation - ERROR - Ошибка обновления модуля BaseStation
2025-10-07 11:13:35,417 - Module.BaseStation - ERROR - Ошибка обновления модуля BaseStation
2025-10-07 11:13:35,423 - Module.BaseStation - ERROR - Ошибка обновления модуля BaseStation
2025-10-07 11:13:35,430 - Module.BaseStation - ERROR - Ошибка обновления модуля BaseStation
2025-10-07 11:13:35,436 - Module.BaseStation - ERROR - Ошибка обновления модуля BaseStation
2025-10-07 11:13:35,443 - Module.BaseStation - ERROR - Ошибка обновления модуля BaseStation
2025-10-07 11:13:35,449 - Module.BaseStation - ERROR - Ошибка обновления модуля BaseStation
2025-10-07 11:13:35,456 - Module.BaseStation - ERROR - Ошибка обновления модуля BaseStation
2025-10-07 11:13:35,462 - Module.BaseStation - ERROR - Ошибка обновления модуля BaseStation
2025-10-07 11:13:35,469 - Module.BaseStation - ERROR - Ошибка обновления модуля BaseStation
2025-10-07 11:13:35,475 - Module.BaseStation - ERROR - Ошибка обновления модуля BaseStation
2025-10-07 11:13:35,482 - Module.BaseStation - ERROR - Ошибка обновления модуля BaseStation
2025-10-07 11:13:35,488 - Module.BaseStation - ERROR - Ошибка обновления модуля BaseStation
2025-10-07 11:13:35,495 - Module.BaseStation - ERROR - Ошибка обновления модуля BaseStation
2025-10-07 11:13:35,502 - Module.BaseStation - ERROR - Ошибка обновления модуля BaseStation
2025-10-07 11:13:35,508 - Module.BaseStation - ERROR - Ошибка обновления модуля BaseStation
2025-10-07 11:13:35,515 - Module.BaseStation - ERROR - Ошибка обновления модуля BaseStation
2025-10-07 11:13:35,521 - Module.BaseStation - ERROR - Ошибка обновления модуля BaseStation
2025-10-07 11:13:35,528 - Module.BaseStation - ERROR - Ошибка обновления модуля BaseStation
2025-10-07 11:13:35,534 - Module.BaseStation - ERROR - Ошибка обновления модуля BaseStation
2025-10-07 11:13:35,541 - Module.BaseStation - ERROR - Ошибка обновления модуля BaseStation
2025-10-07 11:13:35,548 - Module.BaseStation - ERROR - Ошибка обновления модуля BaseStation
2025-10-07 11:13:35,554 - Module.BaseStation - ERROR - Ошибка обновления модуля BaseStation
2025-10-07 11:13:35,561 - Module.BaseStation - ERROR - Ошибка обновления модуля BaseStation
2025-10-07 11:13:35,568 - Module.BaseStation - ERROR - Ошибка обновления модуля BaseStation
2025-10-07 11:13:35,574 - Module.BaseStation - ERROR - Ошибка обновления модуля BaseStation
2025-10-07 11:13:35,581 - Module.BaseStation - ERROR - Ошибка обновления модуля BaseStation
2025-10-07 11:13:35,587 - Module.BaseStation - ERROR - Ошибка обновления модуля BaseStation
2025-10-07 11:13:35,594 - Module.BaseStation - ERROR - Ошибка обновления модуля BaseStation
2025-10-07 11:13:35,600 - Module.BaseStation - ERROR - Ошибка обновления модуля BaseStation
2025-10-07 11:13:35,608 - Module.BaseStation - ERROR - Ошибка обновления модуля BaseStation
2025-10-07 11:13:35,614 - Module.BaseStation - ERROR - Ошибка обновления модуля BaseStation
2025-10-07 11:13:35,621 - Module.BaseStation - ERROR - Ошибка обновления модуля BaseStation
2025-10-07 11:13:35,627 - Module.BaseStation - ERROR - Ошибка обновления модуля BaseStation
2025-10-07 11:13:35,634 - Module.BaseStation - ERROR - Ошибка обновления модуля BaseStation
2025-10-07 11:13:35,641 - Module.BaseStation - ERROR - Ошибка обновления модуля BaseStation
2025-10-07 11:13:35,647 - Module.BaseStation - ERROR - Ошибка обновления модуля BaseStation
2025-10-07 11:13:35,654 - Module.BaseStation - ERROR - Ошибка обновления модуля BaseStation
2025-10-07 11:13:35,660 - Module.BaseStation - ERROR - Ошибка обновления модуля BaseStation
2025-10-07 11:13:35,667 - Module.BaseStation - ERROR - Ошибка обновления модуля BaseStation
2025-10-07 11:13:35,673 - Module.BaseStation - ERROR - Ошибка обновления модуля BaseStation
2025-10-07 11:13:35,680 - Module.BaseStation - ERROR - Ошибка обновления модуля BaseStation
2025-10-07 11:13:35,687 - Module.BaseStation - ERROR - Ошибка обновления модуля BaseStation
2025-10-07 11:13:35,693 - Module.BaseStation - ERROR - Ошибка обновления модуля BaseStation
2025-10-07 11:13:35,700 - Module.BaseStation - ERROR - Ошибка обновления модуля BaseStation
2025-10-07 11:13:35,707 - Module.BaseStation - ERROR - Ошибка обновления модуля BaseStation
2025-10-07 11:13:35,714 - Module.BaseStation - ERROR - Ошибка обновления модуля BaseStation
2025-10-07 11:13:35,720 - Module.BaseStation - ERROR - Ошибка обновления модуля BaseStation
2025-10-07 11:13:35,727 - Module.BaseStation - ERROR - Ошибка обновления модуля BaseStation
2025-10-07 11:13:35,734 - Module.BaseStation - ERROR - Ошибка обновления модуля BaseStation
2025-10-07 11:13:35,740 - Module.BaseStation - ERROR - Ошибка обновления модуля BaseStation
2025-10-07 11:13:35,747 - Module.BaseStation - ERROR - Ошибка обновления модуля BaseStation
2025-10-07 11:13:35,754 - Module.BaseStation - ERROR - Ошибка обновления модуля BaseStation
2025-10-07 11:13:35,760 - Module.BaseStation - ERROR - Ошибка обновления модуля BaseStation
2025-10-07 11:13:35,767 - Module.BaseStation - ERROR - Ошибка обновления модуля BaseStation
2025-10-07 11:13:35,774 - Module.BaseStation - ERROR - Ошибка обновления модуля BaseStation
2025-10-07 11:13:35,780 - Module.BaseStation - ERROR - Ошибка обновления модуля BaseStation
2025-10-07 11:13:35,787 - Module.BaseStation - ERROR - Ошибка обновления модуля BaseStation
2025-10-07 11:13:35,793 - Module.BaseStation - ERROR - Ошибка обновления модуля BaseStation
2025-10-07 11:13:35,799 - Module.BaseStation - ERROR - Ошибка обновления модуля BaseStation
2025-10-07 11:13:35,806 - Module.BaseStation - ERROR - Ошибка обновления модуля BaseStation
2025-10-07 11:13:35,812 - Module.BaseStation - ERROR - Ошибка обновления модуля BaseStation
2025-10-07 11:13:35,819 - Module.BaseStation - ERROR - Ошибка обновления модуля BaseStation
2025-10-07 11:13:35,826 - Module.BaseStation - ERROR - Ошибка обновления модуля BaseStation
2025-10-07 11:13:35,832 - Module.BaseStation - ERROR - Ошибка обновления модуля BaseStation
2025-10-07 11:13:35,839 - Module.BaseStation - ERROR - Ошибка обновления модуля BaseStation
2025-10-07 11:13:35,845 - Module.BaseStation - ERROR - Ошибка обновления модуля BaseStation
2025-10-07 11:13:35,852 - Module.BaseStation - ERROR - Ошибка обновления модуля BaseStation
2025-10-07 11:13:35,858 - Module.BaseStation - ERROR - Ошибка обновления модуля BaseStation
2025-10-07 11:13:35,865 - Module.BaseStation - ERROR - Ошибка обновления модуля BaseStation
2025-10-07 11:13:35,871 - Module.BaseStation - ERROR - Ошибка обновления модуля BaseStation
2025-10-07 11:13:35,878 - Module.BaseStation - ERROR - Ошибка обновления модуля BaseStation
2025-10-07 11:13:35,884 - Module.BaseStation - ERROR - Ошибка обновления модуля BaseStation
2025-10-07 11:13:35,891 - Module.BaseStation - ERROR - Ошибка обновления модуля BaseStation
2025-10-07 11:13:35,898 - Module.BaseStation - ERROR - Ошибка обновления модуля BaseStation
2025-10-07 11:13:35,904 - Module.BaseStation - ERROR - Ошибка обновления модуля BaseStation
2025-10-07 11:13:35,911 - Module.BaseStation - ERROR - Ошибка обновления модуля BaseStation
2025-10-07 11:13:35,917 - Module.BaseStation - ERROR - Ошибка обновления модуля BaseStation
2025-10-07 11:13:35,924 - Module.BaseStation - ERROR - Ошибка обновления модуля BaseStation
2025-10-07 11:13:35,931 - Module.BaseStation - ERROR - Ошибка обновления модуля BaseStation
2025-10-07 11:13:35,937 - Module.BaseStation - ERROR - Ошибка обновления модуля BaseStation
2025-10-07 11:13:35,943 - Module.BaseStation - ERROR - Ошибка обновления модуля BaseStation
2025-10-07 11:13:35,950 - Module.BaseStation - ERROR - Ошибка обновления модуля BaseStation
2025-10-07 11:13:35,957 - Module.BaseStation - ERROR - Ошибка обновления модуля BaseStation
2025-10-07 11:13:35,963 - Module.BaseStation - ERROR - Ошибка обновления модуля BaseStation
2025-10-07 11:13:35,970 - Module.BaseStation - ERROR - Ошибка обновления модуля BaseStation
2025-10-07 11:13:35,976 - Module.BaseStation - ERROR - Ошибка обновления модуля BaseStation
2025-10-07 11:13:35,983 - Module.BaseStation - ERROR - Ошибка обновления модуля BaseStation
2025-10-07 11:13:35,989 - Module.BaseStation - ERROR - Ошибка обновления модуля BaseStation
2025-10-07 11:13:35,996 - Module.BaseStation - ERROR - Ошибка обновления модуля BaseStation
2025-10-07 11:13:36,003 - Module.BaseStation - ERROR - Ошибка обновления модуля BaseStation
2025-10-07 11:13:36,010 - Module.BaseStation - ERROR - Ошибка обновления модуля BaseStation
2025-10-07 11:13:36,016 - Module.BaseStation - ERROR - Ошибка обновления модуля BaseStation
2025-10-07 11:13:36,023 - Module.BaseStation - ERROR - Ошибка обновления модуля BaseStation
2025-10-07 11:13:36,030 - Module.BaseStation - ERROR - Ошибка обновления модуля BaseStation
2025-10-07 11:13:36,037 - Module.BaseStation - ERROR - Ошибка обновления модуля BaseStation
2025-10-07 11:13:36,043 - Module.BaseStation - ERROR - Ошибка обновления модуля BaseStation
2025-10-07 11:13:36,049 - Module.BaseStation - ERROR - Ошибка обновления модуля BaseStation
2025-10-07 11:13:36,056 - Module.BaseStation - ERROR - Ошибка обновления модуля BaseStation
2025-10-07 11:13:36,063 - Module.BaseStation - ERROR - Ошибка обновления модуля BaseStation
2025-10-07 11:13:36,069 - Module.BaseStation - ERROR - Ошибка обновления модуля BaseStation
2025-10-07 11:13:36,076 - Module.BaseStation - ERROR - Ошибка обновления модуля BaseStation
2025-10-07 11:13:36,083 - Module.BaseStation - ERROR - Ошибка обновления модуля BaseStation
2025-10-07 11:13:36,089 - Module.BaseStation - ERROR - Ошибка обновления модуля BaseStation
2025-10-07 11:13:36,096 - Module.BaseStation - ERROR - Ошибка обновления модуля BaseStation
2025-10-07 11:13:36,102 - Module.BaseStation - ERROR - Ошибка обновления модуля BaseStation
2025-10-07 11:13:36,109 - Module.BaseStation - ERROR - Ошибка обновления модуля BaseStation
2025-10-07 11:13:36,115 - Module.BaseStation - ERROR - Ошибка обновления модуля BaseStation
2025-10-07 11:13:36,121 - Module.BaseStation - ERROR - Ошибка обновления модуля BaseStation
2025-10-07 11:13:36,168 - Module.BaseStation - ERROR - Ошибка обновления модуля BaseStation
2025-10-07 11:13:36,175 - Module.BaseStation - ERROR - Ошибка обновления модуля BaseStation
2025-10-07 11:13:36,184 - Module.BaseStation - ERROR - Ошибка обновления модуля BaseStation
2025-10-07 11:13:36,191 - Module.BaseStation - ERROR - Ошибка обновления модуля BaseStation
2025-10-07 11:13:36,198 - Module.BaseStation - ERROR - Ошибка обновления модуля BaseStation
2025-10-07 11:13:36,205 - Module.BaseStation - ERROR - Ошибка обновления модуля BaseStation
2025-10-07 11:13:36,211 - Module.BaseStation - ERROR - Ошибка обновления модуля BaseStation
2025-10-07 11:13:36,218 - Module.BaseStation - ERROR - Ошибка обновления модуля BaseStation
2025-10-07 11:13:36,224 - Module.BaseStation - ERROR - Ошибка обновления модуля BaseStation
2025-10-07 11:13:36,231 - Module.BaseStation - ERROR - Ошибка обновления модуля BaseStation
2025-10-07 11:13:36,237 - Module.BaseStation - ERROR - Ошибка обновления модуля BaseStation
2025-10-07 11:13:36,244 - Module.BaseStation - ERROR - Ошибка обновления модуля BaseStation
2025-10-07 11:13:36,250 - Module.BaseStation - ERROR - Ошибка обновления модуля BaseStation
2025-10-07 11:13:36,257 - Module.BaseStation - ERROR - Ошибка обновления модуля BaseStation
2025-10-07 11:13:36,263 - Module.BaseStation - ERROR - Ошибка обновления модуля BaseStation
2025-10-07 11:13:36,270 - Module.BaseStation - ERROR - Ошибка обновления модуля BaseStation
2025-10-07 11:13:36,276 - Module.BaseStation - ERROR - Ошибка обновления модуля BaseStation
2025-10-07 11:13:36,283 - Module.BaseStation - ERROR - Ошибка обновления модуля BaseStation
2025-10-07 11:13:36,290 - Module.BaseStation - ERROR - Ошибка обновления модуля BaseStation
2025-10-07 11:13:36,296 - Module.BaseStation - ERROR - Ошибка обновления модуля BaseStation
2025-10-07 11:13:36,303 - Module.BaseStation - ERROR - Ошибка обновления модуля BaseStation
2025-10-07 11:13:36,309 - Module.BaseStation - ERROR - Ошибка обновления модуля BaseStation
2025-10-07 11:13:36,316 - Module.BaseStation - ERROR - Ошибка обновления модуля BaseStation
2025-10-07 11:13:36,322 - Module.BaseStation - ERROR - Ошибка обновления модуля BaseStation
2025-10-07 11:13:36,329 - Module.BaseStation - ERROR - Ошибка обновления модуля BaseStation
2025-10-07 11:13:36,335 - Module.BaseStation - ERROR - Ошибка обновления модуля BaseStation
2025-10-07 11:13:36,342 - Module.BaseStation - ERROR - Ошибка обновления модуля BaseStation
2025-10-07 11:13:36,348 - Module.BaseStation - ERROR - Ошибка обновления модуля BaseStation
2025-10-07 11:13:36,355 - Module.BaseStation - ERROR - Ошибка обновления модуля BaseStation
2025-10-07 11:13:36,361 - Module.BaseStation - ERROR - Ошибка обновления модуля BaseStation
2025-10-07 11:13:36,368 - Module.BaseStation - ERROR - Ошибка обновления модуля BaseStation
2025-10-07 11:13:36,374 - Module.BaseStation - ERROR - Ошибка обновления модуля BaseStation
2025-10-07 11:13:36,381 - Module.BaseStation - ERROR - Ошибка обновления модуля BaseStation
2025-10-07 11:13:36,387 - Module.BaseStation - ERROR - Ошибка обновления модуля BaseStation
2025-10-07 11:13:36,394 - Module.BaseStation - ERROR - Ошибка обновления модуля BaseStation
2025-10-07 11:13:36,400 - Module.BaseStation - ERROR - Ошибка обновления модуля BaseStation
2025-10-07 11:13:36,407 - Module.BaseStation - ERROR - Ошибка обновления модуля BaseStation
2025-10-07 11:13:36,413 - Module.BaseStation - ERROR - Ошибка обновления модуля BaseStation
2025-10-07 11:13:36,419 - Module.BaseStation - ERROR - Ошибка обновления модуля BaseStation
2025-10-07 11:13:36,426 - Module.BaseStation - ERROR - Ошибка обновления модуля BaseStation
2025-10-07 11:13:36,432 - Module.BaseStation - ERROR - Ошибка обновления модуля BaseStation
2025-10-07 11:13:36,439 - Module.BaseStation - ERROR - Ошибка обновления модуля BaseStation
2025-10-07 11:13:36,445 - Module.BaseStation - ERROR - Ошибка обновления модуля BaseStation
2025-10-07 11:13:36,452 - Module.BaseStation - ERROR - Ошибка обновления модуля BaseStation
2025-10-07 11:13:36,460 - Module.BaseStation - ERROR - Ошибка обновления модуля BaseStation
2025-10-07 11:13:36,467 - Module.BaseStation - ERROR - Ошибка обновления модуля BaseStation
2025-10-07 11:13:36,473 - Module.BaseStation - ERROR - Ошибка обновления модуля BaseStation
2025-10-07 11:13:36,480 - Module.BaseStation - ERROR - Ошибка обновления модуля BaseStation
2025-10-07 11:13:36,486 - Module.BaseStation - ERROR - Ошибка обновления модуля BaseStation
2025-10-07 11:13:36,493 - Module.BaseStation - ERROR - Ошибка обновления модуля BaseStation
2025-10-07 11:13:36,499 - Module.BaseStation - ERROR - Ошибка обновления модуля BaseStation
2025-10-07 11:13:36,506 - Module.BaseStation - ERROR - Ошибка обновления модуля BaseStation
2025-10-07 11:13:36,512 - Module.BaseStation - ERROR - Ошибка обновления модуля BaseStation
2025-10-07 11:13:36,518 - Module.BaseStation - ERROR - Ошибка обновления модуля BaseStation
2025-10-07 11:13:36,525 - Module.BaseStation - ERROR - Ошибка обновления модуля BaseStation
2025-10-07 11:13:36,532 - Module.BaseStation - ERROR - Ошибка обновления модуля BaseStation
2025-10-07 11:13:36,538 - Module.BaseStation - ERROR - Ошибка обновления модуля BaseStation
2025-10-07 11:13:36,544 - Module.BaseStation - ERROR - Ошибка обновления модуля BaseStation
2025-10-07 11:13:36,551 - Module.BaseStation - ERROR - Ошибка обновления модуля BaseStation
2025-10-07 11:13:36,558 - Module.BaseStation - ERROR - Ошибка обновления модуля BaseStation
2025-10-07 11:13:36,564 - Module.BaseStation - ERROR - Ошибка обновления модуля BaseStation
2025-10-07 11:13:36,571 - Module.BaseStation - ERROR - Ошибка обновления модуля BaseStation
2025-10-07 11:13:36,577 - Module.BaseStation - ERROR - Ошибка обновления модуля BaseStation
2025-10-07 11:13:36,584 - Module.BaseStation - ERROR - Ошибка обновления модуля BaseStation
2025-10-07 11:13:36,590 - Module.BaseStation - ERROR - Ошибка обновления модуля BaseStation
2025-10-07 11:13:36,597 - Module.BaseStation - ERROR - Ошибка обновления модуля BaseStation
2025-10-07 11:13:36,603 - Module.BaseStation - ERROR - Ошибка обновления модуля BaseStation
2025-10-07 11:13:36,609 - Module.BaseStation - ERROR - Ошибка обновления модуля BaseStation
2025-10-07 11:13:36,616 - Module.BaseStation - ERROR - Ошибка обновления модуля BaseStation
2025-10-07 11:13:36,623 - Module.BaseStation - ERROR - Ошибка обновления модуля BaseStation
2025-10-07 11:13:36,629 - Module.BaseStation - ERROR - Ошибка обновления модуля BaseStation
2025-10-07 11:13:36,636 - Module.BaseStation - ERROR - Ошибка обновления модуля BaseStation
2025-10-07 11:13:36,643 - Module.BaseStation - ERROR - Ошибка обновления модуля BaseStation
2025-10-07 11:13:36,649 - Module.BaseStation - ERROR - Ошибка обновления модуля BaseStation
2025-10-07 11:13:36,656 - Module.BaseStation - ERROR - Ошибка обновления модуля BaseStation
2025-10-07 11:13:36,662 - Module.BaseStation - ERROR - Ошибка обновления модуля BaseStation
2025-10-07 11:13:36,669 - Module.BaseStation - ERROR - Ошибка обновления модуля BaseStation
2025-10-07 11:13:36,675 - Module.BaseStation - ERROR - Ошибка обновления модуля BaseStation
2025-10-07 11:13:36,682 - Module.BaseStation - ERROR - Ошибка обновления модуля BaseStation
2025-10-07 11:13:36,688 - Module.BaseStation - ERROR - Ошибка обновления модуля BaseStation
2025-10-07 11:13:36,695 - Module.BaseStation - ERROR - Ошибка обновления модуля BaseStation
2025-10-07 11:13:36,701 - Module.BaseStation - ERROR - Ошибка обновления модуля BaseStation
2025-10-07 11:13:36,708 - Module.BaseStation - ERROR - Ошибка обновления модуля BaseStation
2025-10-07 11:13:36,714 - Module.BaseStation - ERROR - Ошибка обновления модуля BaseStation
2025-10-07 11:13:36,721 - Module.BaseStation - ERROR - Ошибка обновления модуля BaseStation
2025-10-07 11:13:36,727 - Module.BaseStation - ERROR - Ошибка обновления модуля BaseStation
2025-10-07 11:13:36,734 - Module.BaseStation - ERROR - Ошибка обновления модуля BaseStation
2025-10-07 11:13:36,741 - Module.BaseStation - ERROR - Ошибка обновления модуля BaseStation
2025-10-07 11:13:36,747 - Module.BaseStation - ERROR - Ошибка обновления модуля BaseStation
2025-10-07 11:13:36,754 - Module.BaseStation - ERROR - Ошибка обновления модуля BaseStation
2025-10-07 11:13:36,760 - Module.BaseStation - ERROR - Ошибка обновления модуля BaseStation
2025-10-07 11:13:36,767 - Module.BaseStation - ERROR - Ошибка обновления модуля BaseStation
2025-10-07 11:13:36,774 - Module.BaseStation - ERROR - Ошибка обновления модуля BaseStation
2025-10-07 11:13:36,780 - Module.BaseStation - ERROR - Ошибка обновления модуля BaseStation
2025-10-07 11:13:36,787 - Module.BaseStation - ERROR - Ошибка обновления модуля BaseStation
2025-10-07 11:13:36,794 - Module.BaseStation - ERROR - Ошибка обновления модуля BaseStation
2025-10-07 11:13:36,800 - Module.BaseStation - ERROR - Ошибка обновления модуля BaseStation
2025-10-07 11:13:36,807 - Module.BaseStation - ERROR - Ошибка обновления модуля BaseStation
2025-10-07 11:13:36,813 - Module.BaseStation - ERROR - Ошибка обновления модуля BaseStation
2025-10-07 11:13:36,820 - Module.BaseStation - ERROR - Ошибка обновления модуля BaseStation
2025-10-07 11:13:36,826 - Module.BaseStation - ERROR - Ошибка обновления модуля BaseStation
2025-10-07 11:13:36,832 - Module.BaseStation - ERROR - Ошибка обновления модуля BaseStation
2025-10-07 11:13:36,839 - Module.BaseStation - ERROR - Ошибка обновления модуля BaseStation
2025-10-07 11:13:36,846 - Module.BaseStation - ERROR - Ошибка обновления модуля BaseStation
2025-10-07 11:13:36,852 - Module.BaseStation - ERROR - Ошибка обновления модуля BaseStation
2025-10-07 11:13:36,859 - Module.BaseStation - ERROR - Ошибка обновления модуля BaseStation
2025-10-07 11:13:36,865 - Module.BaseStation - ERROR - Ошибка обновления модуля BaseStation
2025-10-07 11:13:36,872 - Module.BaseStation - ERROR - Ошибка обновления модуля BaseStation
2025-10-07 11:13:36,879 - Module.BaseStation - ERROR - Ошибка обновления модуля BaseStation
2025-10-07 11:13:36,885 - Module.BaseStation - ERROR - Ошибка обновления модуля BaseStation
2025-10-07 11:13:36,892 - Module.BaseStation - ERROR - Ошибка обновления модуля BaseStation
2025-10-07 11:13:36,898 - Module.BaseStation - ERROR - Ошибка обновления модуля BaseStation
2025-10-07 11:13:36,905 - Module.BaseStation - ERROR - Ошибка обновления модуля BaseStation
2025-10-07 11:13:36,911 - Module.BaseStation - ERROR - Ошибка обновления модуля BaseStation
2025-10-07 11:13:36,918 - Module.BaseStation - ERROR - Ошибка обновления модуля BaseStation
2025-10-07 11:13:36,924 - Module.BaseStation - ERROR - Ошибка обновления модуля BaseStation
2025-10-07 11:13:36,931 - Module.BaseStation - ERROR - Ошибка обновления модуля BaseStation
2025-10-07 11:13:36,937 - Module.BaseStation - ERROR - Ошибка обновления модуля BaseStation
2025-10-07 11:13:36,944 - Module.BaseStation - ERROR - Ошибка обновления модуля BaseStation
2025-10-07 11:13:36,950 - Module.BaseStation - ERROR - Ошибка обновления модуля BaseStation
2025-10-07 11:13:36,957 - Module.BaseStation - ERROR - Ошибка обновления модуля BaseStation
2025-10-07 11:13:36,964 - Module.BaseStation - ERROR - Ошибка обновления модуля BaseStation
2025-10-07 11:13:36,970 - Module.BaseStation - ERROR - Ошибка обновления модуля BaseStation
2025-10-07 11:13:36,977 - Module.BaseStation - ERROR - Ошибка обновления модуля BaseStation
2025-10-07 11:13:36,983 - Module.BaseStation - ERROR - Ошибка обновления модуля BaseStation
2025-10-07 11:13:36,990 - Module.BaseStation - ERROR - Ошибка обновления модуля BaseStation
2025-10-07 11:13:36,997 - Module.BaseStation - ERROR - Ошибка обновления модуля BaseStation
2025-10-07 11:13:37,003 - Module.BaseStation - ERROR - Ошибка обновления модуля BaseStation
2025-10-07 11:13:37,010 - Module.BaseStation - ERROR - Ошибка обновления модуля BaseStation
2025-10-07 11:13:37,016 - Module.BaseStation - ERROR - Ошибка обновления модуля BaseStation
2025-10-07 11:13:37,023 - Module.BaseStation - ERROR - Ошибка обновления модуля BaseStation
2025-10-07 11:13:37,030 - Module.BaseStation - ERROR - Ошибка обновления модуля BaseStation
2025-10-07 11:13:37,036 - Module.BaseStation - ERROR - Ошибка обновления модуля BaseStation
2025-10-07 11:13:37,043 - Module.BaseStation - ERROR - Ошибка обновления модуля BaseStation
2025-10-07 11:13:37,050 - Module.BaseStation - ERROR - Ошибка обновления модуля BaseStation
2025-10-07 11:13:37,056 - Module.BaseStation - ERROR - Ошибка обновления модуля BaseStation
2025-10-07 11:13:37,063 - Module.BaseStation - ERROR - Ошибка обновления модуля BaseStation
2025-10-07 11:13:37,070 - Module.BaseStation - ERROR - Ошибка обновления модуля BaseStation
2025-10-07 11:13:37,076 - Module.BaseStation - ERROR - Ошибка обновления модуля BaseStation
2025-10-07 11:13:37,083 - Module.BaseStation - ERROR - Ошибка обновления модуля BaseStation
2025-10-07 11:13:37,089 - Module.BaseStation - ERROR - Ошибка обновления модуля BaseStation
2025-10-07 11:13:37,096 - Module.BaseStation - ERROR - Ошибка обновления модуля BaseStation
2025-10-07 11:13:37,103 - Module.BaseStation - ERROR - Ошибка обновления модуля BaseStation
2025-10-07 11:13:37,109 - Module.BaseStation - ERROR - Ошибка обновления модуля BaseStation
2025-10-07 11:13:37,116 - Module.BaseStation - ERROR - Ошибка обновления модуля BaseStation
2025-10-07 11:13:37,122 - Module.BaseStation - ERROR - Ошибка обновления модуля BaseStation
2025-10-07 11:13:37,129 - Module.BaseStation - ERROR - Ошибка обновления модуля BaseStation
2025-10-07 11:13:37,135 - Module.BaseStation - ERROR - Ошибка обновления модуля BaseStation
2025-10-07 11:13:37,142 - Module.BaseStation - ERROR - Ошибка обновления модуля BaseStation
2025-10-07 11:13:37,149 - Module.BaseStation - ERROR - Ошибка обновления модуля BaseStation
2025-10-07 11:13:37,155 - Module.BaseStation - ERROR - Ошибка обновления модуля BaseStation
2025-10-07 11:13:37,162 - Module.BaseStation - ERROR - Ошибка обновления модуля BaseStation
2025-10-07 11:13:37,169 - Module.BaseStation - ERROR - Ошибка обновления модуля BaseStation
2025-10-07 11:13:37,175 - Module.BaseStation - ERROR - Ошибка обновления модуля BaseStation
2025-10-07 11:13:37,182 - Module.BaseStation - ERROR - Ошибка обновления модуля BaseStation
2025-10-07 11:13:37,188 - Module.BaseStation - ERROR - Ошибка обновления модуля BaseStation
2025-10-07 11:13:37,195 - Module.BaseStation - ERROR - Ошибка обновления модуля BaseStation
2025-10-07 11:13:37,201 - Module.BaseStation - ERROR - Ошибка обновления модуля BaseStation
2025-10-07 11:13:37,208 - Module.BaseStation - ERROR - Ошибка обновления модуля BaseStation
2025-10-07 11:13:37,215 - Module.BaseStation - ERROR - Ошибка обновления модуля BaseStation
2025-10-07 11:13:37,221 - Module.BaseStation - ERROR - Ошибка обновления модуля BaseStation
2025-10-07 11:13:37,228 - Module.BaseStation - ERROR - Ошибка обновления модуля BaseStation
2025-10-07 11:13:37,234 - Module.BaseStation - ERROR - Ошибка обновления модуля BaseStation
2025-10-07 11:13:37,241 - Module.BaseStation - ERROR - Ошибка обновления модуля BaseStation
2025-10-07 11:13:37,247 - Module.BaseStation - ERROR - Ошибка обновления модуля BaseStation
2025-10-07 11:13:37,254 - Module.BaseStation - ERROR - Ошибка обновления модуля BaseStation
2025-10-07 11:13:37,261 - Module.BaseStation - ERROR - Ошибка обновления модуля BaseStation
2025-10-07 11:13:37,268 - Module.BaseStation - ERROR - Ошибка обновления модуля BaseStation
2025-10-07 11:13:37,274 - Module.BaseStation - ERROR - Ошибка обновления модуля BaseStation
2025-10-07 11:13:37,281 - Module.BaseStation - ERROR - Ошибка обновления модуля BaseStation
2025-10-07 11:13:37,288 - Module.BaseStation - ERROR - Ошибка обновления модуля BaseStation
2025-10-07 11:13:37,295 - Module.BaseStation - ERROR - Ошибка обновления модуля BaseStation
2025-10-07 11:13:37,301 - Module.BaseStation - ERROR - Ошибка обновления модуля BaseStation
2025-10-07 11:13:37,308 - Module.BaseStation - ERROR - Ошибка обновления модуля BaseStation
2025-10-07 11:13:37,314 - Module.BaseStation - ERROR - Ошибка обновления модуля BaseStation
2025-10-07 11:13:37,321 - Module.BaseStation - ERROR - Ошибка обновления модуля BaseStation
2025-10-07 11:13:37,328 - Module.BaseStation - ERROR - Ошибка обновления модуля BaseStation
2025-10-07 11:13:37,334 - Module.BaseStation - ERROR - Ошибка обновления модуля BaseStation
2025-10-07 11:13:37,341 - Module.BaseStation - ERROR - Ошибка обновления модуля BaseStation
2025-10-07 11:13:37,348 - Module.BaseStation - ERROR - Ошибка обновления модуля BaseStation
2025-10-07 11:13:37,354 - Module.BaseStation - ERROR - Ошибка обновления модуля BaseStation
2025-10-07 11:13:37,361 - Module.BaseStation - ERROR - Ошибка обновления модуля BaseStation
2025-10-07 11:13:37,367 - Module.BaseStation - ERROR - Ошибка обновления модуля BaseStation
2025-10-07 11:13:37,374 - Module.BaseStation - ERROR - Ошибка обновления модуля BaseStation
2025-10-07 11:13:37,380 - Module.BaseStation - ERROR - Ошибка обновления модуля BaseStation
2025-10-07 11:13:37,387 - Module.BaseStation - ERROR - Ошибка обновления модуля BaseStation
2025-10-07 11:13:37,393 - Module.BaseStation - ERROR - Ошибка обновления модуля BaseStation
2025-10-07 11:13:37,400 - Module.BaseStation - ERROR - Ошибка обновления модуля BaseStation
2025-10-07 11:13:37,406 - Module.BaseStation - ERROR - Ошибка обновления модуля BaseStation
2025-10-07 11:13:37,413 - Module.BaseStation - ERROR - Ошибка обновления модуля BaseStation
2025-10-07 11:13:37,419 - Module.BaseStation - ERROR - Ошибка обновления модуля BaseStation
2025-10-07 11:13:37,426 - Module.BaseStation - ERROR - Ошибка обновления модуля BaseStation
2025-10-07 11:13:37,433 - Module.BaseStation - ERROR - Ошибка обновления модуля BaseStation
2025-10-07 11:13:37,439 - Module.BaseStation - ERROR - Ошибка обновления модуля BaseStation
2025-10-07 11:13:37,446 - Module.BaseStation - ERROR - Ошибка обновления модуля BaseStation
2025-10-07 11:13:37,452 - Module.BaseStation - ERROR - Ошибка обновления модуля BaseStation
2025-10-07 11:13:37,459 - Module.BaseStation - ERROR - Ошибка обновления модуля BaseStation
2025-10-07 11:13:37,466 - Module.BaseStation - ERROR - Ошибка обновления модуля BaseStation
2025-10-07 11:13:37,472 - Module.BaseStation - ERROR - Ошибка обновления модуля BaseStation
2025-10-07 11:13:37,479 - Module.BaseStation - ERROR - Ошибка обновления модуля BaseStation
2025-10-07 11:13:37,486 - Module.BaseStation - ERROR - Ошибка обновления модуля BaseStation
2025-10-07 11:13:37,492 - Module.BaseStation - ERROR - Ошибка обновления модуля BaseStation
2025-10-07 11:13:37,499 - Module.BaseStation - ERROR - Ошибка обновления модуля BaseStation
2025-10-07 11:13:37,506 - Module.BaseStation - ERROR - Ошибка обновления модуля BaseStation
2025-10-07 11:13:37,512 - Module.BaseStation - ERROR - Ошибка обновления модуля BaseStation
2025-10-07 11:13:37,519 - Module.BaseStation - ERROR - Ошибка обновления модуля BaseStation
2025-10-07 11:13:37,525 - Module.BaseStation - ERROR - Ошибка обновления модуля BaseStation
2025-10-07 11:13:37,532 - Module.BaseStation - ERROR - Ошибка обновления модуля BaseStation
2025-10-07 11:13:37,558 - Module.BaseStation - ERROR - Ошибка обновления модуля BaseStation
2025-10-07 11:13:37,590 - Module.BaseStation - ERROR - Ошибка обновления модуля BaseStation
2025-10-07 11:13:37,597 - Module.BaseStation - ERROR - Ошибка обновления модуля BaseStation
2025-10-07 11:13:37,606 - Module.BaseStation - ERROR - Ошибка обновления модуля BaseStation
2025-10-07 11:13:37,613 - Module.BaseStation - ERROR - Ошибка обновления модуля BaseStation
2025-10-07 11:13:37,620 - Module.BaseStation - ERROR - Ошибка обновления модуля BaseStation
2025-10-07 11:13:37,627 - Module.BaseStation - ERROR - Ошибка обновления модуля BaseStation
2025-10-07 11:13:37,633 - Module.BaseStation - ERROR - Ошибка обновления модуля BaseStation
2025-10-07 11:13:37,639 - Module.BaseStation - ERROR - Ошибка обновления модуля BaseStation
2025-10-07 11:13:37,646 - Module.BaseStation - ERROR - Ошибка обновления модуля BaseStation
2025-10-07 11:13:37,652 - Module.BaseStation - ERROR - Ошибка обновления модуля BaseStation
2025-10-07 11:13:37,659 - Module.BaseStation - ERROR - Ошибка обновления модуля BaseStation
2025-10-07 11:13:37,665 - Module.BaseStation - ERROR - Ошибка обновления модуля BaseStation
2025-10-07 11:13:37,672 - Module.BaseStation - ERROR - Ошибка обновления модуля BaseStation
2025-10-07 11:13:37,678 - Module.BaseStation - ERROR - Ошибка обновления модуля BaseStation
2025-10-07 11:13:37,685 - Module.BaseStation - ERROR - Ошибка обновления модуля BaseStation
2025-10-07 11:13:37,691 - Module.BaseStation - ERROR - Ошибка обновления модуля BaseStation
2025-10-07 11:13:37,698 - Module.BaseStation - ERROR - Ошибка обновления модуля BaseStation
2025-10-07 11:13:37,704 - Module.BaseStation - ERROR - Ошибка обновления модуля BaseStation
2025-10-07 11:13:37,710 - Module.BaseStation - ERROR - Ошибка обновления модуля BaseStation
2025-10-07 11:13:37,717 - Module.BaseStation - ERROR - Ошибка обновления модуля BaseStation
2025-10-07 11:13:37,723 - Module.BaseStation - ERROR - Ошибка обновления модуля BaseStation
2025-10-07 11:13:37,731 - Module.BaseStation - ERROR - Ошибка обновления модуля BaseStation
2025-10-07 11:13:37,738 - Module.BaseStation - ERROR - Ошибка обновления модуля BaseStation
2025-10-07 11:13:37,746 - Module.BaseStation - ERROR - Ошибка обновления модуля BaseStation
2025-10-07 11:13:37,756 - Module.BaseStation - ERROR - Ошибка обновления модуля BaseStation
2025-10-07 11:13:37,767 - Module.BaseStation - ERROR - Ошибка обновления модуля BaseStation
2025-10-07 11:13:37,774 - Module.BaseStation - ERROR - Ошибка обновления модуля BaseStation
2025-10-07 11:13:37,785 - Module.BaseStation - ERROR - Ошибка обновления модуля BaseStation
2025-10-07 11:13:37,814 - Module.BaseStation - ERROR - Ошибка обновления модуля BaseStation
2025-10-07 11:13:37,822 - Module.BaseStation - ERROR - Ошибка обновления модуля BaseStation
2025-10-07 11:13:37,830 - Module.BaseStation - ERROR - Ошибка обновления модуля BaseStation
2025-10-07 11:13:37,837 - Module.BaseStation - ERROR - Ошибка обновления модуля BaseStation
2025-10-07 11:13:37,848 - Module.BaseStation - ERROR - Ошибка обновления модуля BaseStation
2025-10-07 11:13:37,855 - Module.BaseStation - ERROR - Ошибка обновления модуля BaseStation
2025-10-07 11:13:37,862 - Module.BaseStation - ERROR - Ошибка обновления модуля BaseStation
2025-10-07 11:13:37,869 - Module.BaseStation - ERROR - Ошибка обновления модуля BaseStation
2025-10-07 11:13:37,876 - Module.BaseStation - ERROR - Ошибка обновления модуля BaseStation
2025-10-07 11:13:37,883 - Module.BaseStation - ERROR - Ошибка обновления модуля BaseStation
2025-10-07 11:13:37,889 - Module.BaseStation - ERROR - Ошибка обновления модуля BaseStation
2025-10-07 11:13:37,896 - Module.BaseStation - ERROR - Ошибка обновления модуля BaseStation
2025-10-07 11:13:37,902 - Module.BaseStation - ERROR - Ошибка обновления модуля BaseStation
2025-10-07 11:13:37,909 - Module.BaseStation - ERROR - Ошибка обновления модуля BaseStation
2025-10-07 11:13:37,915 - Module.BaseStation - ERROR - Ошибка обновления модуля BaseStation
2025-10-07 11:13:37,922 - Module.BaseStation - ERROR - Ошибка обновления модуля BaseStation
2025-10-07 11:13:37,929 - Module.BaseStation - ERROR - Ошибка обновления модуля BaseStation
2025-10-07 11:13:37,935 - Module.BaseStation - ERROR - Ошибка обновления модуля BaseStation
2025-10-07 11:13:37,942 - Module.BaseStation - ERROR - Ошибка обновления модуля BaseStation
2025-10-07 11:13:37,948 - Module.BaseStation - ERROR - Ошибка обновления модуля BaseStation
2025-10-07 11:13:37,955 - Module.BaseStation - ERROR - Ошибка обновления модуля BaseStation
2025-10-07 11:13:37,964 - Module.BaseStation - ERROR - Ошибка обновления модуля BaseStation
2025-10-07 11:13:37,971 - Module.BaseStation - ERROR - Ошибка обновления модуля BaseStation
2025-10-07 11:13:37,978 - Module.BaseStation - ERROR - Ошибка обновления модуля BaseStation
2025-10-07 11:13:37,985 - Module.BaseStation - ERROR - Ошибка обновления модуля BaseStation
2025-10-07 11:13:37,991 - Module.BaseStation - ERROR - Ошибка обновления модуля BaseStation
2025-10-07 11:13:37,998 - Module.BaseStation - ERROR - Ошибка обновления модуля BaseStation
2025-10-07 11:13:38,005 - Module.BaseStation - ERROR - Ошибка обновления модуля BaseStation
2025-10-07 11:13:38,012 - Module.BaseStation - ERROR - Ошибка обновления модуля BaseStation
2025-10-07 11:13:38,019 - Module.BaseStation - ERROR - Ошибка обновления модуля BaseStation
2025-10-07 11:13:38,026 - Module.BaseStation - ERROR - Ошибка обновления модуля BaseStation
2025-10-07 11:13:38,032 - Module.BaseStation - ERROR - Ошибка обновления модуля BaseStation
2025-10-07 11:13:38,039 - Module.BaseStation - ERROR - Ошибка обновления модуля BaseStation
2025-10-07 11:13:38,046 - Module.BaseStation - ERROR - Ошибка обновления модуля BaseStation
2025-10-07 11:13:38,053 - Module.BaseStation - ERROR - Ошибка обновления модуля BaseStation
2025-10-07 11:13:38,060 - Module.BaseStation - ERROR - Ошибка обновления модуля BaseStation
2025-10-07 11:13:38,066 - Module.BaseStation - ERROR - Ошибка обновления модуля BaseStation
2025-10-07 11:13:38,072 - Module.BaseStation - ERROR - Ошибка обновления модуля BaseStation
2025-10-07 11:13:38,079 - Module.BaseStation - ERROR - Ошибка обновления модуля BaseStation
2025-10-07 11:13:38,086 - Module.BaseStation - ERROR - Ошибка обновления модуля BaseStation
2025-10-07 11:13:38,092 - Module.BaseStation - ERROR - Ошибка обновления модуля BaseStation
2025-10-07 11:13:38,099 - Module.BaseStation - ERROR - Ошибка обновления модуля BaseStation
2025-10-07 11:13:38,106 - Module.BaseStation - ERROR - Ошибка обновления модуля BaseStation
2025-10-07 11:13:38,112 - Module.BaseStation - ERROR - Ошибка обновления модуля BaseStation
2025-10-07 11:13:38,119 - Module.BaseStation - ERROR - Ошибка обновления модуля BaseStation
2025-10-07 11:13:38,125 - Module.BaseStation - ERROR - Ошибка обновления модуля BaseStation
2025-10-07 11:13:38,133 - Module.BaseStation - ERROR - Ошибка обновления модуля BaseStation
2025-10-07 11:13:38,140 - Module.BaseStation - ERROR - Ошибка обновления модуля BaseStation
2025-10-07 11:13:38,147 - Module.BaseStation - ERROR - Ошибка обновления модуля BaseStation
2025-10-07 11:13:38,153 - Module.BaseStation - ERROR - Ошибка обновления модуля BaseStation
2025-10-07 11:13:38,160 - Module.BaseStation - ERROR - Ошибка обновления модуля BaseStation
2025-10-07 11:13:38,167 - Module.BaseStation - ERROR - Ошибка обновления модуля BaseStation
2025-10-07 11:13:38,173 - Module.BaseStation - ERROR - Ошибка обновления модуля BaseStation
2025-10-07 11:13:38,180 - Module.BaseStation - ERROR - Ошибка обновления модуля BaseStation
2025-10-07 11:13:38,187 - Module.BaseStation - ERROR - Ошибка обновления модуля BaseStation
2025-10-07 11:13:38,194 - Module.BaseStation - ERROR - Ошибка обновления модуля BaseStation
2025-10-07 11:13:38,200 - Module.BaseStation - ERROR - Ошибка обновления модуля BaseStation
2025-10-07 11:13:38,207 - Module.BaseStation - ERROR - Ошибка обновления модуля BaseStation
2025-10-07 11:13:38,214 - Module.BaseStation - ERROR - Ошибка обновления модуля BaseStation
2025-10-07 11:13:38,221 - Module.BaseStation - ERROR - Ошибка обновления модуля BaseStation
2025-10-07 11:13:38,228 - Module.BaseStation - ERROR - Ошибка обновления модуля BaseStation
2025-10-07 11:13:38,235 - Module.BaseStation - ERROR - Ошибка обновления модуля BaseStation
2025-10-07 11:13:38,242 - Module.BaseStation - ERROR - Ошибка обновления модуля BaseStation
2025-10-07 11:13:38,249 - Module.BaseStation - ERROR - Ошибка обновления модуля BaseStation
2025-10-07 11:13:38,255 - Module.BaseStation - ERROR - Ошибка обновления модуля BaseStation
2025-10-07 11:13:38,262 - Module.BaseStation - ERROR - Ошибка обновления модуля BaseStation
2025-10-07 11:13:38,269 - Module.BaseStation - ERROR - Ошибка обновления модуля BaseStation
2025-10-07 11:13:38,275 - Module.BaseStation - ERROR - Ошибка обновления модуля BaseStation
2025-10-07 11:13:38,283 - Module.BaseStation - ERROR - Ошибка обновления модуля BaseStation
2025-10-07 11:13:38,289 - Module.BaseStation - ERROR - Ошибка обновления модуля BaseStation
2025-10-07 11:13:38,296 - Module.BaseStation - ERROR - Ошибка обновления модуля BaseStation
2025-10-07 11:13:38,302 - Module.BaseStation - ERROR - Ошибка обновления модуля BaseStation
2025-10-07 11:13:38,309 - Module.BaseStation - ERROR - Ошибка обновления модуля BaseStation
2025-10-07 11:13:38,315 - Module.BaseStation - ERROR - Ошибка обновления модуля BaseStation
2025-10-07 11:13:38,322 - Module.BaseStation - ERROR - Ошибка обновления модуля BaseStation
2025-10-07 11:13:38,328 - Module.BaseStation - ERROR - Ошибка обновления модуля BaseStation
2025-10-07 11:13:38,335 - Module.BaseStation - ERROR - Ошибка обновления модуля BaseStation
2025-10-07 11:13:38,342 - Module.BaseStation - ERROR - Ошибка обновления модуля BaseStation
2025-10-07 11:13:38,349 - Module.BaseStation - ERROR - Ошибка обновления модуля BaseStation
2025-10-07 11:13:38,355 - Module.BaseStation - ERROR - Ошибка обновления модуля BaseStation
2025-10-07 11:13:38,362 - Module.BaseStation - ERROR - Ошибка обновления модуля BaseStation
2025-10-07 11:13:38,370 - Module.BaseStation - ERROR - Ошибка обновления модуля BaseStation
2025-10-07 11:13:38,377 - Module.BaseStation - ERROR - Ошибка обновления модуля BaseStation
2025-10-07 11:13:38,384 - Module.BaseStation - ERROR - Ошибка обновления модуля BaseStation
2025-10-07 11:13:38,390 - Module.BaseStation - ERROR - Ошибка обновления модуля BaseStation
2025-10-07 11:13:38,397 - Module.BaseStation - ERROR - Ошибка обновления модуля BaseStation
2025-10-07 11:13:38,404 - Module.BaseStation - ERROR - Ошибка обновления модуля BaseStation
2025-10-07 11:13:38,411 - Module.BaseStation - ERROR - Ошибка обновления модуля BaseStation
2025-10-07 11:13:38,417 - Module.BaseStation - ERROR - Ошибка обновления модуля BaseStation
2025-10-07 11:13:38,424 - Module.BaseStation - ERROR - Ошибка обновления модуля BaseStation
2025-10-07 11:13:38,431 - Module.BaseStation - ERROR - Ошибка обновления модуля BaseStation
2025-10-07 11:13:38,437 - Module.BaseStation - ERROR - Ошибка обновления модуля BaseStation
2025-10-07 11:13:38,444 - Module.BaseStation - ERROR - Ошибка обновления модуля BaseStation
2025-10-07 11:13:38,451 - Module.BaseStation - ERROR - Ошибка обновления модуля BaseStation
2025-10-07 11:13:38,457 - Module.BaseStation - ERROR - Ошибка обновления модуля BaseStation
2025-10-07 11:13:38,464 - Module.BaseStation - ERROR - Ошибка обновления модуля BaseStation
2025-10-07 11:13:38,471 - Module.BaseStation - ERROR - Ошибка обновления модуля BaseStation
2025-10-07 11:13:38,477 - Module.BaseStation - ERROR - Ошибка обновления модуля BaseStation
2025-10-07 11:13:38,484 - Module.BaseStation - ERROR - Ошибка обновления модуля BaseStation
2025-10-07 11:13:38,491 - Module.BaseStation - ERROR - Ошибка обновления модуля BaseStation
2025-10-07 11:13:38,498 - Module.BaseStation - ERROR - Ошибка обновления модуля BaseStation
2025-10-07 11:13:38,504 - Module.BaseStation - ERROR - Ошибка обновления модуля BaseStation
2025-10-07 11:13:38,511 - Module.BaseStation - ERROR - Ошибка обновления модуля BaseStation
2025-10-07 11:13:38,517 - Module.BaseStation - ERROR - Ошибка обновления модуля BaseStation
2025-10-07 11:13:38,524 - Module.BaseStation - ERROR - Ошибка обновления модуля BaseStation
2025-10-07 11:13:38,530 - Module.BaseStation - ERROR - Ошибка обновления модуля BaseStation
2025-10-07 11:13:38,537 - Module.BaseStation - ERROR - Ошибка обновления модуля BaseStation
2025-10-07 11:13:38,543 - Module.BaseStation - ERROR - Ошибка обновления модуля BaseStation
2025-10-07 11:13:38,550 - Module.BaseStation - ERROR - Ошибка обновления модуля BaseStation
2025-10-07 11:13:38,558 - Module.BaseStation - ERROR - Ошибка обновления модуля BaseStation
2025-10-07 11:13:38,565 - Module.BaseStation - ERROR - Ошибка обновления модуля BaseStation
2025-10-07 11:13:38,571 - Module.BaseStation - ERROR - Ошибка обновления модуля BaseStation
2025-10-07 11:13:38,578 - Module.BaseStation - ERROR - Ошибка обновления модуля BaseStation
2025-10-07 11:13:38,584 - Module.BaseStation - ERROR - Ошибка обновления модуля BaseStation
2025-10-07 11:13:38,591 - Module.BaseStation - ERROR - Ошибка обновления модуля BaseStation
2025-10-07 11:13:38,598 - Module.BaseStation - ERROR - Ошибка обновления модуля BaseStation
2025-10-07 11:13:38,604 - Module.BaseStation - ERROR - Ошибка обновления модуля BaseStation
2025-10-07 11:13:38,611 - Module.BaseStation - ERROR - Ошибка обновления модуля BaseStation
2025-10-07 11:13:38,618 - Module.BaseStation - ERROR - Ошибка обновления модуля BaseStation
2025-10-07 11:13:38,625 - Module.BaseStation - ERROR - Ошибка обновления модуля BaseStation
2025-10-07 11:13:38,631 - Module.BaseStation - ERROR - Ошибка обновления модуля BaseStation
2025-10-07 11:13:38,638 - Module.BaseStation - ERROR - Ошибка обновления модуля BaseStation
2025-10-07 11:13:38,645 - Module.BaseStation - ERROR - Ошибка обновления модуля BaseStation
2025-10-07 11:13:38,651 - Module.BaseStation - ERROR - Ошибка обновления модуля BaseStation
2025-10-07 11:13:38,658 - Module.BaseStation - ERROR - Ошибка обновления модуля BaseStation
2025-10-07 11:13:38,665 - Module.BaseStation - ERROR - Ошибка обновления модуля BaseStation
2025-10-07 11:13:38,671 - Module.BaseStation - ERROR - Ошибка обновления модуля BaseStation
2025-10-07 11:13:38,680 - Module.BaseStation - ERROR - Ошибка обновления модуля BaseStation
2025-10-07 11:13:38,688 - Module.BaseStation - ERROR - Ошибка обновления модуля BaseStation
2025-10-07 11:13:38,695 - Module.BaseStation - ERROR - Ошибка обновления модуля BaseStation
2025-10-07 11:13:38,702 - Module.BaseStation - ERROR - Ошибка обновления модуля BaseStation
2025-10-07 11:13:38,709 - Module.BaseStation - ERROR - Ошибка обновления модуля BaseStation
2025-10-07 11:13:38,716 - Module.BaseStation - ERROR - Ошибка обновления модуля BaseStation
2025-10-07 11:13:38,723 - Module.BaseStation - ERROR - Ошибка обновления модуля BaseStation
2025-10-07 11:13:38,729 - Module.BaseStation - ERROR - Ошибка обновления модуля BaseStation
2025-10-07 11:13:38,736 - Module.BaseStation - ERROR - Ошибка обновления модуля BaseStation
2025-10-07 11:13:38,743 - Module.BaseStation - ERROR - Ошибка обновления модуля BaseStation
2025-10-07 11:13:38,749 - Module.BaseStation - ERROR - Ошибка обновления модуля BaseStation
2025-10-07 11:13:38,756 - Module.BaseStation - ERROR - Ошибка обновления модуля BaseStation
2025-10-07 11:13:38,762 - Module.BaseStation - ERROR - Ошибка обновления модуля BaseStation
2025-10-07 11:13:38,769 - Module.BaseStation - ERROR - Ошибка обновления модуля BaseStation
2025-10-07 11:13:38,776 - Module.BaseStation - ERROR - Ошибка обновления модуля BaseStation
2025-10-07 11:13:38,783 - Module.BaseStation - ERROR - Ошибка обновления модуля BaseStation
2025-10-07 11:13:38,790 - Module.BaseStation - ERROR - Ошибка обновления модуля BaseStation
2025-10-07 11:13:38,796 - Module.BaseStation - ERROR - Ошибка обновления модуля BaseStation
2025-10-07 11:13:38,803 - Module.BaseStation - ERROR - Ошибка обновления модуля BaseStation
2025-10-07 11:13:38,809 - Module.BaseStation - ERROR - Ошибка обновления модуля BaseStation
2025-10-07 11:13:38,816 - Module.BaseStation - ERROR - Ошибка обновления модуля BaseStation
2025-10-07 11:13:38,823 - Module.BaseStation - ERROR - Ошибка обновления модуля BaseStation
2025-10-07 11:13:38,829 - Module.BaseStation - ERROR - Ошибка обновления модуля BaseStation
2025-10-07 11:13:38,836 - Module.BaseStation - ERROR - Ошибка обновления модуля BaseStation
2025-10-07 11:13:38,843 - Module.BaseStation - ERROR - Ошибка обновления модуля BaseStation
2025-10-07 11:13:38,849 - Module.BaseStation - ERROR - Ошибка обновления модуля BaseStation
2025-10-07 11:13:38,856 - Module.BaseStation - ERROR - Ошибка обновления модуля BaseStation
2025-10-07 11:13:38,863 - Module.BaseStation - ERROR - Ошибка обновления модуля BaseStation
2025-10-07 11:13:38,869 - Module.BaseStation - ERROR - Ошибка обновления модуля BaseStation
2025-10-07 11:13:38,875 - Module.BaseStation - ERROR - Ошибка обновления модуля BaseStation
2025-10-07 11:13:38,882 - Module.BaseStation - ERROR - Ошибка обновления модуля BaseStation
2025-10-07 11:13:38,889 - Module.BaseStation - ERROR - Ошибка обновления модуля BaseStation
2025-10-07 11:13:38,897 - Module.BaseStation - ERROR - Ошибка обновления модуля BaseStation
2025-10-07 11:13:38,904 - Module.BaseStation - ERROR - Ошибка обновления модуля BaseStation
2025-10-07 11:13:38,910 - Module.BaseStation - ERROR - Ошибка обновления модуля BaseStation
2025-10-07 11:13:38,917 - Module.BaseStation - ERROR - Ошибка обновления модуля BaseStation
2025-10-07 11:13:38,924 - Module.BaseStation - ERROR - Ошибка обновления модуля BaseStation
2025-10-07 11:13:38,931 - Module.BaseStation - ERROR - Ошибка обновления модуля BaseStation
2025-10-07 11:13:38,937 - Module.BaseStation - ERROR - Ошибка обновления модуля BaseStation
2025-10-07 11:13:38,944 - Module.BaseStation - ERROR - Ошибка обновления модуля BaseStation
2025-10-07 11:13:38,951 - Module.BaseStation - ERROR - Ошибка обновления модуля BaseStation
2025-10-07 11:13:38,958 - Module.BaseStation - ERROR - Ошибка обновления модуля BaseStation
2025-10-07 11:13:38,965 - Module.BaseStation - ERROR - Ошибка обновления модуля BaseStation
2025-10-07 11:13:38,972 - Module.BaseStation - ERROR - Ошибка обновления модуля BaseStation
2025-10-07 11:13:38,979 - Module.BaseStation - ERROR - Ошибка обновления модуля BaseStation
2025-10-07 11:13:38,986 - Module.BaseStation - ERROR - Ошибка обновления модуля BaseStation
2025-10-07 11:13:38,993 - Module.BaseStation - ERROR - Ошибка обновления модуля BaseStation
2025-10-07 11:13:39,000 - Module.BaseStation - ERROR - Ошибка обновления модуля BaseStation
2025-10-07 11:13:39,007 - Module.BaseStation - ERROR - Ошибка обновления модуля BaseStation
2025-10-07 11:13:39,015 - Module.BaseStation - ERROR - Ошибка обновления модуля BaseStation
2025-10-07 11:13:39,025 - Module.BaseStation - ERROR - Ошибка обновления модуля BaseStation
2025-10-07 11:13:39,095 - Module.BaseStation - ERROR - Ошибка обновления модуля BaseStation
2025-10-07 11:13:39,102 - Module.BaseStation - ERROR - Ошибка обновления модуля BaseStation
2025-10-07 11:13:39,109 - Module.BaseStation - ERROR - Ошибка обновления модуля BaseStation
2025-10-07 11:13:39,118 - Module.BaseStation - ERROR - Ошибка обновления модуля BaseStation
2025-10-07 11:13:39,125 - Module.BaseStation - ERROR - Ошибка обновления модуля BaseStation
2025-10-07 11:13:39,132 - Module.BaseStation - ERROR - Ошибка обновления модуля BaseStation
2025-10-07 11:13:39,139 - Module.BaseStation - ERROR - Ошибка обновления модуля BaseStation
2025-10-07 11:13:39,146 - Module.BaseStation - ERROR - Ошибка обновления модуля BaseStation
2025-10-07 11:13:39,153 - Module.BaseStation - ERROR - Ошибка обновления модуля BaseStation
2025-10-07 11:13:39,160 - Module.BaseStation - ERROR - Ошибка обновления модуля BaseStation
2025-10-07 11:13:39,166 - Module.BaseStation - ERROR - Ошибка обновления модуля BaseStation
2025-10-07 11:13:39,174 - Module.BaseStation - ERROR - Ошибка обновления модуля BaseStation
2025-10-07 11:13:39,181 - Module.BaseStation - ERROR - Ошибка обновления модуля BaseStation
2025-10-07 11:13:39,189 - Module.BaseStation - ERROR - Ошибка обновления модуля BaseStation
2025-10-07 11:13:39,198 - Module.BaseStation - ERROR - Ошибка обновления модуля BaseStation
2025-10-07 11:13:39,205 - Module.BaseStation - ERROR - Ошибка обновления модуля BaseStation
2025-10-07 11:13:39,212 - Module.BaseStation - ERROR - Ошибка обновления модуля BaseStation
2025-10-07 11:13:39,219 - Module.BaseStation - ERROR - Ошибка обновления модуля BaseStation
2025-10-07 11:13:39,225 - Module.BaseStation - ERROR - Ошибка обновления модуля BaseStation
2025-10-07 11:13:39,232 - Module.BaseStation - ERROR - Ошибка обновления модуля BaseStation
2025-10-07 11:13:39,240 - Module.BaseStation - ERROR - Ошибка обновления модуля BaseStation
2025-10-07 11:13:39,248 - Module.BaseStation - ERROR - Ошибка обновления модуля BaseStation
2025-10-07 11:13:39,255 - Module.BaseStation - ERROR - Ошибка обновления модуля BaseStation
2025-10-07 11:13:39,262 - Module.BaseStation - ERROR - Ошибка обновления модуля BaseStation
2025-10-07 11:13:39,269 - Module.BaseStation - ERROR - Ошибка обновления модуля BaseStation
2025-10-07 11:13:39,275 - Module.BaseStation - ERROR - Ошибка обновления модуля BaseStation
2025-10-07 11:13:39,282 - Module.BaseStation - ERROR - Ошибка обновления модуля BaseStation
2025-10-07 11:13:39,289 - Module.BaseStation - ERROR - Ошибка обновления модуля BaseStation
2025-10-07 11:13:39,296 - Module.BaseStation - ERROR - Ошибка обновления модуля BaseStation
2025-10-07 11:13:39,302 - Module.BaseStation - ERROR - Ошибка обновления модуля BaseStation
2025-10-07 11:13:39,309 - Module.BaseStation - ERROR - Ошибка обновления модуля BaseStation
2025-10-07 11:13:39,315 - Module.BaseStation - ERROR - Ошибка обновления модуля BaseStation
2025-10-07 11:13:39,322 - Module.BaseStation - ERROR - Ошибка обновления модуля BaseStation
2025-10-07 11:13:39,329 - Module.BaseStation - ERROR - Ошибка обновления модуля BaseStation
2025-10-07 11:13:39,335 - Module.BaseStation - ERROR - Ошибка обновления модуля BaseStation
2025-10-07 11:13:39,342 - Module.BaseStation - ERROR - Ошибка обновления модуля BaseStation
2025-10-07 11:13:39,349 - Module.BaseStation - ERROR - Ошибка обновления модуля BaseStation
2025-10-07 11:13:39,356 - Module.BaseStation - ERROR - Ошибка обновления модуля BaseStation
2025-10-07 11:13:39,364 - Module.BaseStation - ERROR - Ошибка обновления модуля BaseStation
2025-10-07 11:13:39,371 - Module.BaseStation - ERROR - Ошибка обновления модуля BaseStation
2025-10-07 11:13:39,379 - Module.BaseStation - ERROR - Ошибка обновления модуля BaseStation
2025-10-07 11:13:39,385 - Module.BaseStation - ERROR - Ошибка обновления модуля BaseStation
2025-10-07 11:13:39,392 - Module.BaseStation - ERROR - Ошибка обновления модуля BaseStation
2025-10-07 11:13:39,398 - Module.BaseStation - ERROR - Ошибка обновления модуля BaseStation
2025-10-07 11:13:39,406 - Module.BaseStation - ERROR - Ошибка обновления модуля BaseStation
2025-10-07 11:13:39,412 - Module.BaseStation - ERROR - Ошибка обновления модуля BaseStation
2025-10-07 11:13:39,419 - Module.BaseStation - ERROR - Ошибка обновления модуля BaseStation
2025-10-07 11:13:39,426 - Module.BaseStation - ERROR - Ошибка обновления модуля BaseStation
2025-10-07 11:13:39,432 - Module.BaseStation - ERROR - Ошибка обновления модуля BaseStation
2025-10-07 11:13:39,439 - Module.BaseStation - ERROR - Ошибка обновления модуля BaseStation
2025-10-07 11:13:39,445 - Module.BaseStation - ERROR - Ошибка обновления модуля BaseStation
2025-10-07 11:13:39,451 - Module.BaseStation - ERROR - Ошибка обновления модуля BaseStation
2025-10-07 11:13:39,458 - Module.BaseStation - ERROR - Ошибка обновления модуля BaseStation
2025-10-07 11:13:39,465 - Module.BaseStation - ERROR - Ошибка обновления модуля BaseStation
2025-10-07 11:13:39,471 - Module.BaseStation - ERROR - Ошибка обновления модуля BaseStation
2025-10-07 11:13:39,478 - Module.BaseStation - ERROR - Ошибка обновления модуля BaseStation
2025-10-07 11:13:39,484 - Module.BaseStation - ERROR - Ошибка обновления модуля BaseStation
2025-10-07 11:13:39,491 - Module.BaseStation - ERROR - Ошибка обновления модуля BaseStation
2025-10-07 11:13:39,498 - Module.BaseStation - ERROR - Ошибка обновления модуля BaseStation
2025-10-07 11:13:39,505 - Module.BaseStation - ERROR - Ошибка обновления модуля BaseStation
2025-10-07 11:13:39,516 - Module.BaseStation - ERROR - Ошибка обновления модуля BaseStation
2025-10-07 11:13:39,525 - Module.BaseStation - ERROR - Ошибка обновления модуля BaseStation
2025-10-07 11:13:39,532 - Module.BaseStation - ERROR - Ошибка обновления модуля BaseStation
2025-10-07 11:13:39,539 - Module.BaseStation - ERROR - Ошибка обновления модуля BaseStation
2025-10-07 11:13:39,546 - Module.BaseStation - ERROR - Ошибка обновления модуля BaseStation
2025-10-07 11:13:39,553 - Module.BaseStation - ERROR - Ошибка обновления модуля BaseStation
2025-10-07 11:13:39,560 - Module.BaseStation - ERROR - Ошибка обновления модуля BaseStation
2025-10-07 11:13:39,566 - Module.BaseStation - ERROR - Ошибка обновления модуля BaseStation
2025-10-07 11:13:39,572 - Module.BaseStation - ERROR - Ошибка обновления модуля BaseStation
2025-10-07 11:13:39,579 - Module.BaseStation - ERROR - Ошибка обновления модуля BaseStation
2025-10-07 11:13:39,586 - Module.BaseStation - ERROR - Ошибка обновления модуля BaseStation
2025-10-07 11:13:39,592 - Module.BaseStation - ERROR - Ошибка обновления модуля BaseStation
2025-10-07 11:13:39,599 - Module.BaseStation - ERROR - Ошибка обновления модуля BaseStation
2025-10-07 11:13:39,606 - Module.BaseStation - ERROR - Ошибка обновления модуля BaseStation
2025-10-07 11:13:39,613 - Module.BaseStation - ERROR - Ошибка обновления модуля BaseStation
2025-10-07 11:13:39,621 - Module.BaseStation - ERROR - Ошибка обновления модуля BaseStation
2025-10-07 11:13:39,633 - Module.BaseStation - ERROR - Ошибка обновления модуля BaseStation
2025-10-07 11:13:39,642 - Module.BaseStation - ERROR - Ошибка обновления модуля BaseStation
2025-10-07 11:13:39,648 - Module.BaseStation - ERROR - Ошибка обновления модуля BaseStation
2025-10-07 11:13:39,655 - Module.BaseStation - ERROR - Ошибка обновления модуля BaseStation
2025-10-07 11:13:39,662 - Module.BaseStation - ERROR - Ошибка обновления модуля BaseStation
2025-10-07 11:13:39,668 - Module.BaseStation - ERROR - Ошибка обновления модуля BaseStation
2025-10-07 11:13:39,675 - Module.BaseStation - ERROR - Ошибка обновления модуля BaseStation
2025-10-07 11:13:39,683 - Module.BaseStation - ERROR - Ошибка обновления модуля BaseStation
2025-10-07 11:13:39,689 - Module.BaseStation - ERROR - Ошибка обновления модуля BaseStation
2025-10-07 11:13:39,696 - Module.BaseStation - ERROR - Ошибка обновления модуля BaseStation
2025-10-07 11:13:39,704 - Module.BaseStation - ERROR - Ошибка обновления модуля BaseStation
2025-10-07 11:13:39,712 - Module.BaseStation - ERROR - Ошибка обновления модуля BaseStation
2025-10-07 11:13:39,719 - Module.BaseStation - ERROR - Ошибка обновления модуля BaseStation
2025-10-07 11:13:39,727 - Module.BaseStation - ERROR - Ошибка обновления модуля BaseStation
2025-10-07 11:13:39,735 - Module.BaseStation - ERROR - Ошибка обновления модуля BaseStation
2025-10-07 11:13:39,747 - Module.BaseStation - ERROR - Ошибка обновления модуля BaseStation
2025-10-07 11:13:39,755 - Module.BaseStation - ERROR - Ошибка обновления модуля BaseStation
2025-10-07 11:13:39,762 - Module.BaseStation - ERROR - Ошибка обновления модуля BaseStation
2025-10-07 11:13:39,769 - Module.BaseStation - ERROR - Ошибка обновления модуля BaseStation
2025-10-07 11:13:39,777 - Module.BaseStation - ERROR - Ошибка обновления модуля BaseStation
2025-10-07 11:13:39,784 - Module.BaseStation - ERROR - Ошибка обновления модуля BaseStation
2025-10-07 11:13:39,790 - Module.BaseStation - ERROR - Ошибка обновления модуля BaseStation
2025-10-07 11:13:39,797 - Module.BaseStation - ERROR - Ошибка обновления модуля BaseStation
2025-10-07 11:13:39,804 - Module.BaseStation - ERROR - Ошибка обновления модуля BaseStation
2025-10-07 11:13:39,810 - Module.BaseStation - ERROR - Ошибка обновления модуля BaseStation
2025-10-07 11:13:39,817 - Module.BaseStation - ERROR - Ошибка обновления модуля BaseStation
2025-10-07 11:13:39,825 - Module.BaseStation - ERROR - Ошибка обновления модуля BaseStation
2025-10-07 11:13:39,832 - Module.BaseStation - ERROR - Ошибка обновления модуля BaseStation
2025-10-07 11:13:39,839 - Module.BaseStation - ERROR - Ошибка обновления модуля BaseStation
2025-10-07 11:13:39,845 - Module.BaseStation - ERROR - Ошибка обновления модуля BaseStation
2025-10-07 11:13:39,852 - Module.BaseStation - ERROR - Ошибка обновления модуля BaseStation
2025-10-07 11:13:39,859 - Module.BaseStation - ERROR - Ошибка обновления модуля BaseStation
2025-10-07 11:13:39,865 - Module.BaseStation - ERROR - Ошибка обновления модуля BaseStation
2025-10-07 11:13:39,872 - Module.BaseStation - ERROR - Ошибка обновления модуля BaseStation
2025-10-07 11:13:39,879 - Module.BaseStation - ERROR - Ошибка обновления модуля BaseStation
2025-10-07 11:13:39,885 - Module.BaseStation - ERROR - Ошибка обновления модуля BaseStation
2025-10-07 11:13:39,892 - Module.BaseStation - ERROR - Ошибка обновления модуля BaseStation
2025-10-07 11:13:39,899 - Module.BaseStation - ERROR - Ошибка обновления модуля BaseStation
2025-10-07 11:13:39,905 - Module.BaseStation - ERROR - Ошибка обновления модуля BaseStation
2025-10-07 11:13:39,912 - Module.BaseStation - ERROR - Ошибка обновления модуля BaseStation
2025-10-07 11:13:39,918 - Module.BaseStation - ERROR - Ошибка обновления модуля BaseStation
2025-10-07 11:13:39,925 - Module.BaseStation - ERROR - Ошибка обновления модуля BaseStation
2025-10-07 11:13:39,932 - Module.BaseStation - ERROR - Ошибка обновления модуля BaseStation
2025-10-07 11:13:39,938 - Module.BaseStation - ERROR - Ошибка обновления модуля BaseStation
2025-10-07 11:13:39,945 - Module.BaseStation - ERROR - Ошибка обновления модуля BaseStation
2025-10-07 11:13:39,951 - Module.BaseStation - ERROR - Ошибка обновления модуля BaseStation
2025-10-07 11:13:39,958 - Module.BaseStation - ERROR - Ошибка обновления модуля BaseStation
2025-10-07 11:13:39,964 - Module.BaseStation - ERROR - Ошибка обновления модуля BaseStation
2025-10-07 11:13:39,971 - Module.BaseStation - ERROR - Ошибка обновления модуля BaseStation
2025-10-07 11:13:39,977 - Module.BaseStation - ERROR - Ошибка обновления модуля BaseStation
2025-10-07 11:13:39,984 - Module.BaseStation - ERROR - Ошибка обновления модуля BaseStation
2025-10-07 11:13:39,990 - Module.BaseStation - ERROR - Ошибка обновления модуля BaseStation
2025-10-07 11:13:39,997 - Module.BaseStation - ERROR - Ошибка обновления модуля BaseStation
2025-10-07 11:13:40,003 - Module.BaseStation - ERROR - Ошибка обновления модуля BaseStation
2025-10-07 11:13:40,010 - Module.BaseStation - ERROR - Ошибка обновления модуля BaseStation
2025-10-07 11:13:40,017 - Module.BaseStation - ERROR - Ошибка обновления модуля BaseStation
2025-10-07 11:13:40,023 - Module.BaseStation - ERROR - Ошибка обновления модуля BaseStation
2025-10-07 11:13:40,030 - Module.BaseStation - ERROR - Ошибка обновления модуля BaseStation
2025-10-07 11:13:40,036 - Module.BaseStation - ERROR - Ошибка обновления модуля BaseStation
2025-10-07 11:13:40,043 - Module.BaseStation - ERROR - Ошибка обновления модуля BaseStation
2025-10-07 11:13:40,049 - Module.BaseStation - ERROR - Ошибка обновления модуля BaseStation
2025-10-07 11:13:40,056 - Module.BaseStation - ERROR - Ошибка обновления модуля BaseStation
2025-10-07 11:13:40,063 - Module.BaseStation - ERROR - Ошибка обновления модуля BaseStation
2025-10-07 11:13:40,069 - Module.BaseStation - ERROR - Ошибка обновления модуля BaseStation
2025-10-07 11:13:40,076 - Module.BaseStation - ERROR - Ошибка обновления модуля BaseStation
2025-10-07 11:13:40,083 - Module.BaseStation - ERROR - Ошибка обновления модуля BaseStation
2025-10-07 11:13:40,089 - Module.BaseStation - ERROR - Ошибка обновления модуля BaseStation
2025-10-07 11:13:40,096 - Module.BaseStation - ERROR - Ошибка обновления модуля BaseStation
2025-10-07 11:13:40,103 - Module.BaseStation - ERROR - Ошибка обновления модуля BaseStation
2025-10-07 11:13:40,109 - Module.BaseStation - ERROR - Ошибка обновления модуля BaseStation
2025-10-07 11:13:40,116 - Module.BaseStation - ERROR - Ошибка обновления модуля BaseStation
2025-10-07 11:13:40,123 - Module.BaseStation - ERROR - Ошибка обновления модуля BaseStation
2025-10-07 11:13:40,130 - Module.BaseStation - ERROR - Ошибка обновления модуля BaseStation
2025-10-07 11:13:40,136 - Module.BaseStation - ERROR - Ошибка обновления модуля BaseStation
2025-10-07 11:13:40,143 - Module.BaseStation - ERROR - Ошибка обновления модуля BaseStation
2025-10-07 11:13:40,149 - Module.BaseStation - ERROR - Ошибка обновления модуля BaseStation
2025-10-07 11:13:40,156 - Module.BaseStation - ERROR - Ошибка обновления модуля BaseStation
2025-10-07 11:13:40,163 - Module.BaseStation - ERROR - Ошибка обновления модуля BaseStation
2025-10-07 11:13:40,169 - Module.BaseStation - ERROR - Ошибка обновления модуля BaseStation
2025-10-07 11:13:40,175 - Module.BaseStation - ERROR - Ошибка обновления модуля BaseStation
2025-10-07 11:13:40,182 - Module.BaseStation - ERROR - Ошибка обновления модуля BaseStation
2025-10-07 11:13:40,188 - Module.BaseStation - ERROR - Ошибка обновления модуля BaseStation
2025-10-07 11:13:40,195 - Module.BaseStation - ERROR - Ошибка обновления модуля BaseStation
2025-10-07 11:13:40,201 - Module.BaseStation - ERROR - Ошибка обновления модуля BaseStation
2025-10-07 11:13:40,208 - Module.BaseStation - ERROR - Ошибка обновления модуля BaseStation
2025-10-07 11:13:40,214 - Module.BaseStation - ERROR - Ошибка обновления модуля BaseStation
2025-10-07 11:13:40,221 - Module.BaseStation - ERROR - Ошибка обновления модуля BaseStation
2025-10-07 11:13:40,227 - Module.BaseStation - ERROR - Ошибка обновления модуля BaseStation
2025-10-07 11:13:40,234 - Module.BaseStation - ERROR - Ошибка обновления модуля BaseStation
2025-10-07 11:13:40,240 - Module.BaseStation - ERROR - Ошибка обновления модуля BaseStation
2025-10-07 11:13:40,247 - Module.BaseStation - ERROR - Ошибка обновления модуля BaseStation
2025-10-07 11:13:40,253 - Module.BaseStation - ERROR - Ошибка обновления модуля BaseStation
2025-10-07 11:13:40,260 - Module.BaseStation - ERROR - Ошибка обновления модуля BaseStation
2025-10-07 11:13:40,266 - Module.BaseStation - ERROR - Ошибка обновления модуля BaseStation
2025-10-07 11:13:40,272 - Module.BaseStation - ERROR - Ошибка обновления модуля BaseStation
2025-10-07 11:13:40,279 - Module.BaseStation - ERROR - Ошибка обновления модуля BaseStation
2025-10-07 11:13:40,285 - Module.BaseStation - ERROR - Ошибка обновления модуля BaseStation
2025-10-07 11:13:40,292 - Module.BaseStation - ERROR - Ошибка обновления модуля BaseStation
2025-10-07 11:13:40,298 - Module.BaseStation - ERROR - Ошибка обновления модуля BaseStation
2025-10-07 11:13:40,305 - Module.BaseStation - ERROR - Ошибка обновления модуля BaseStation
2025-10-07 11:13:40,311 - Module.BaseStation - ERROR - Ошибка обновления модуля BaseStation
2025-10-07 11:13:40,318 - Module.BaseStation - ERROR - Ошибка обновления модуля BaseStation
2025-10-07 11:13:40,324 - Module.BaseStation - ERROR - Ошибка обновления модуля BaseStation
2025-10-07 11:13:40,331 - Module.BaseStation - ERROR - Ошибка обновления модуля BaseStation
2025-10-07 11:13:40,337 - Module.BaseStation - ERROR - Ошибка обновления модуля BaseStation
2025-10-07 11:13:40,344 - Module.BaseStation - ERROR - Ошибка обновления модуля BaseStation
2025-10-07 11:13:40,350 - Module.BaseStation - ERROR - Ошибка обновления модуля BaseStation
2025-10-07 11:13:40,357 - Module.BaseStation - ERROR - Ошибка обновления модуля BaseStation
2025-10-07 11:13:40,364 - Module.BaseStation - ERROR - Ошибка обновления модуля BaseStation
2025-10-07 11:13:40,370 - Module.BaseStation - ERROR - Ошибка обновления модуля BaseStation
2025-10-07 11:13:40,377 - Module.BaseStation - ERROR - Ошибка обновления модуля BaseStation
2025-10-07 11:13:40,383 - Module.BaseStation - ERROR - Ошибка обновления модуля BaseStation
2025-10-07 11:13:40,390 - Module.BaseStation - ERROR - Ошибка обновления модуля BaseStation
2025-10-07 11:13:40,396 - Module.BaseStation - ERROR - Ошибка обновления модуля BaseStation
2025-10-07 11:13:40,403 - Module.BaseStation - ERROR - Ошибка обновления модуля BaseStation
2025-10-07 11:13:40,410 - Module.BaseStation - ERROR - Ошибка обновления модуля BaseStation
2025-10-07 11:13:40,416 - Module.BaseStation - ERROR - Ошибка обновления модуля BaseStation
2025-10-07 11:13:40,424 - Module.BaseStation - ERROR - Ошибка обновления модуля BaseStation
2025-10-07 11:13:40,430 - Module.BaseStation - ERROR - Ошибка обновления модуля BaseStation
2025-10-07 11:13:40,437 - Module.BaseStation - ERROR - Ошибка обновления модуля BaseStation
2025-10-07 11:13:40,445 - Module.BaseStation - ERROR - Ошибка обновления модуля BaseStation
2025-10-07 11:13:40,451 - Module.BaseStation - ERROR - Ошибка обновления модуля BaseStation
2025-10-07 11:13:40,458 - Module.BaseStation - ERROR - Ошибка обновления модуля BaseStation
2025-10-07 11:13:40,464 - Module.BaseStation - ERROR - Ошибка обновления модуля BaseStation
2025-10-07 11:13:40,471 - Module.BaseStation - ERROR - Ошибка обновления модуля BaseStation
2025-10-07 11:13:40,477 - Module.BaseStation - ERROR - Ошибка обновления модуля BaseStation
2025-10-07 11:13:40,484 - Module.BaseStation - ERROR - Ошибка обновления модуля BaseStation
2025-10-07 11:13:40,491 - Module.BaseStation - ERROR - Ошибка обновления модуля BaseStation
2025-10-07 11:13:40,497 - Module.BaseStation - ERROR - Ошибка обновления модуля BaseStation
2025-10-07 11:13:40,504 - Module.BaseStation - ERROR - Ошибка обновления модуля BaseStation
2025-10-07 11:13:40,511 - Module.BaseStation - ERROR - Ошибка обновления модуля BaseStation
2025-10-07 11:13:40,563 - Module.BaseStation - ERROR - Ошибка обновления модуля BaseStation
2025-10-07 11:13:40,570 - Module.BaseStation - ERROR - Ошибка обновления модуля BaseStation
2025-10-07 11:13:40,583 - Module.BaseStation - ERROR - Ошибка обновления модуля BaseStation
2025-10-07 11:13:40,590 - Module.BaseStation - ERROR - Ошибка обновления модуля BaseStation
2025-10-07 11:13:40,596 - Module.BaseStation - ERROR - Ошибка обновления модуля BaseStation
2025-10-07 11:13:40,603 - Module.BaseStation - ERROR - Ошибка обновления модуля BaseStation
2025-10-07 11:13:40,610 - Module.BaseStation - ERROR - Ошибка обновления модуля BaseStation
2025-10-07 11:13:40,616 - Module.BaseStation - ERROR - Ошибка обновления модуля BaseStation
2025-10-07 11:13:40,623 - Module.BaseStation - ERROR - Ошибка обновления модуля BaseStation
2025-10-07 11:13:40,629 - Module.BaseStation - ERROR - Ошибка обновления модуля BaseStation
2025-10-07 11:13:40,636 - Module.BaseStation - ERROR - Ошибка обновления модуля BaseStation
2025-10-07 11:13:40,642 - Module.BaseStation - ERROR - Ошибка обновления модуля BaseStation
2025-10-07 11:13:40,649 - Module.BaseStation - ERROR - Ошибка обновления модуля BaseStation
2025-10-07 11:13:40,655 - Module.BaseStation - ERROR - Ошибка обновления модуля BaseStation
2025-10-07 11:13:40,662 - Module.BaseStation - ERROR - Ошибка обновления модуля BaseStation
2025-10-07 11:13:40,669 - Module.BaseStation - ERROR - Ошибка обновления модуля BaseStation
2025-10-07 11:13:40,675 - Module.BaseStation - ERROR - Ошибка обновления модуля BaseStation
2025-10-07 11:13:40,681 - Module.BaseStation - ERROR - Ошибка обновления модуля BaseStation
2025-10-07 11:13:40,688 - Module.BaseStation - ERROR - Ошибка обновления модуля BaseStation
2025-10-07 11:13:40,694 - Module.BaseStation - ERROR - Ошибка обновления модуля BaseStation
2025-10-07 11:13:40,701 - Module.BaseStation - ERROR - Ошибка обновления модуля BaseStation
2025-10-07 11:13:40,707 - Module.BaseStation - ERROR - Ошибка обновления модуля BaseStation
2025-10-07 11:13:40,713 - Module.BaseStation - ERROR - Ошибка обновления модуля BaseStation
2025-10-07 11:13:40,720 - Module.BaseStation - ERROR - Ошибка обновления модуля BaseStation
2025-10-07 11:13:40,727 - Module.BaseStation - ERROR - Ошибка обновления модуля BaseStation
2025-10-07 11:13:40,733 - Module.BaseStation - ERROR - Ошибка обновления модуля BaseStation
2025-10-07 11:13:40,740 - Module.BaseStation - ERROR - Ошибка обновления модуля BaseStation
2025-10-07 11:13:40,746 - Module.BaseStation - ERROR - Ошибка обновления модуля BaseStation
2025-10-07 11:13:40,752 - Module.BaseStation - ERROR - Ошибка обновления модуля BaseStation
2025-10-07 11:13:40,759 - Module.BaseStation - ERROR - Ошибка обновления модуля BaseStation
2025-10-07 11:13:40,766 - Module.BaseStation - ERROR - Ошибка обновления модуля BaseStation
2025-10-07 11:13:40,772 - Module.BaseStation - ERROR - Ошибка обновления модуля BaseStation
2025-10-07 11:13:40,778 - Module.BaseStation - ERROR - Ошибка обновления модуля BaseStation
2025-10-07 11:13:40,785 - Module.BaseStation - ERROR - Ошибка обновления модуля BaseStation
2025-10-07 11:13:40,791 - Module.BaseStation - ERROR - Ошибка обновления модуля BaseStation
2025-10-07 11:13:40,797 - Module.BaseStation - ERROR - Ошибка обновления модуля BaseStation
2025-10-07 11:13:40,804 - Module.BaseStation - ERROR - Ошибка обновления модуля BaseStation
2025-10-07 11:13:40,810 - Module.BaseStation - ERROR - Ошибка обновления модуля BaseStation
2025-10-07 11:13:40,817 - Module.BaseStation - ERROR - Ошибка обновления модуля BaseStation
2025-10-07 11:13:40,824 - Module.BaseStation - ERROR - Ошибка обновления модуля BaseStation
2025-10-07 11:13:40,830 - Module.BaseStation - ERROR - Ошибка обновления модуля BaseStation
2025-10-07 11:13:40,837 - Module.BaseStation - ERROR - Ошибка обновления модуля BaseStation
2025-10-07 11:13:40,843 - Module.BaseStation - ERROR - Ошибка обновления модуля BaseStation
2025-10-07 11:13:40,849 - Module.BaseStation - ERROR - Ошибка обновления модуля BaseStation
2025-10-07 11:13:40,856 - Module.BaseStation - ERROR - Ошибка обновления модуля BaseStation
2025-10-07 11:13:40,862 - Module.BaseStation - ERROR - Ошибка обновления модуля BaseStation
2025-10-07 11:13:40,869 - Module.BaseStation - ERROR - Ошибка обновления модуля BaseStation
2025-10-07 11:13:40,875 - Module.BaseStation - ERROR - Ошибка обновления модуля BaseStation
2025-10-07 11:13:40,882 - Module.BaseStation - ERROR - Ошибка обновления модуля BaseStation
2025-10-07 11:13:40,888 - Module.BaseStation - ERROR - Ошибка обновления модуля BaseStation
2025-10-07 11:13:40,895 - Module.BaseStation - ERROR - Ошибка обновления модуля BaseStation
2025-10-07 11:13:40,901 - Module.BaseStation - ERROR - Ошибка обновления модуля BaseStation
2025-10-07 11:13:40,908 - Module.BaseStation - ERROR - Ошибка обновления модуля BaseStation
2025-10-07 11:13:40,915 - Module.BaseStation - ERROR - Ошибка обновления модуля BaseStation
2025-10-07 11:13:40,921 - Module.BaseStation - ERROR - Ошибка обновления модуля BaseStation
2025-10-07 11:13:40,928 - Module.BaseStation - ERROR - Ошибка обновления модуля BaseStation
2025-10-07 11:13:40,934 - Module.BaseStation - ERROR - Ошибка обновления модуля BaseStation
2025-10-07 11:13:40,940 - Module.BaseStation - ERROR - Ошибка обновления модуля BaseStation
2025-10-07 11:13:40,947 - Module.BaseStation - ERROR - Ошибка обновления модуля BaseStation
2025-10-07 11:13:40,953 - Module.BaseStation - ERROR - Ошибка обновления модуля BaseStation
2025-10-07 11:13:40,960 - Module.BaseStation - ERROR - Ошибка обновления модуля BaseStation
2025-10-07 11:13:40,966 - Module.BaseStation - ERROR - Ошибка обновления модуля BaseStation
2025-10-07 11:13:40,972 - Module.BaseStation - ERROR - Ошибка обновления модуля BaseStation
2025-10-07 11:13:40,979 - Module.BaseStation - ERROR - Ошибка обновления модуля BaseStation
2025-10-07 11:13:40,985 - Module.BaseStation - ERROR - Ошибка обновления модуля BaseStation
2025-10-07 11:13:40,992 - Module.BaseStation - ERROR - Ошибка обновления модуля BaseStation
2025-10-07 11:13:40,998 - Module.BaseStation - ERROR - Ошибка обновления модуля BaseStation
2025-10-07 11:13:41,005 - Module.BaseStation - ERROR - Ошибка обновления модуля BaseStation
2025-10-07 11:13:41,012 - Module.BaseStation - ERROR - Ошибка обновления модуля BaseStation
2025-10-07 11:13:41,018 - Module.BaseStation - ERROR - Ошибка обновления модуля BaseStation
2025-10-07 11:13:41,025 - Module.BaseStation - ERROR - Ошибка обновления модуля BaseStation
2025-10-07 11:13:41,031 - Module.BaseStation - ERROR - Ошибка обновления модуля BaseStation
2025-10-07 11:13:41,038 - Module.BaseStation - ERROR - Ошибка обновления модуля BaseStation
2025-10-07 11:13:41,044 - Module.BaseStation - ERROR - Ошибка обновления модуля BaseStation
2025-10-07 11:13:41,051 - Module.BaseStation - ERROR - Ошибка обновления модуля BaseStation
2025-10-07 11:13:41,057 - Module.BaseStation - ERROR - Ошибка обновления модуля BaseStation
2025-10-07 11:13:41,065 - Module.BaseStation - ERROR - Ошибка обновления модуля BaseStation
2025-10-07 11:13:41,071 - Module.BaseStation - ERROR - Ошибка обновления модуля BaseStation
2025-10-07 11:13:41,078 - Module.BaseStation - ERROR - Ошибка обновления модуля BaseStation
2025-10-07 11:13:41,085 - Module.BaseStation - ERROR - Ошибка обновления модуля BaseStation
2025-10-07 11:13:41,091 - Module.BaseStation - ERROR - Ошибка обновления модуля BaseStation
2025-10-07 11:13:41,098 - Module.BaseStation - ERROR - Ошибка обновления модуля BaseStation
2025-10-07 11:13:41,104 - Module.BaseStation - ERROR - Ошибка обновления модуля BaseStation
2025-10-07 11:13:41,111 - Module.BaseStation - ERROR - Ошибка обновления модуля BaseStation
2025-10-07 11:13:41,117 - Module.BaseStation - ERROR - Ошибка обновления модуля BaseStation
2025-10-07 11:13:41,124 - Module.BaseStation - ERROR - Ошибка обновления модуля BaseStation
2025-10-07 11:13:41,130 - Module.BaseStation - ERROR - Ошибка обновления модуля BaseStation
2025-10-07 11:13:41,137 - Module.BaseStation - ERROR - Ошибка обновления модуля BaseStation
2025-10-07 11:13:41,143 - Module.BaseStation - ERROR - Ошибка обновления модуля BaseStation
2025-10-07 11:13:41,150 - Module.BaseStation - ERROR - Ошибка обновления модуля BaseStation
2025-10-07 11:13:41,156 - Module.BaseStation - ERROR - Ошибка обновления модуля BaseStation
2025-10-07 11:13:41,163 - Module.BaseStation - ERROR - Ошибка обновления модуля BaseStation
2025-10-07 11:13:41,169 - Module.BaseStation - ERROR - Ошибка обновления модуля BaseStation
2025-10-07 11:13:41,176 - Module.BaseStation - ERROR - Ошибка обновления модуля BaseStation
2025-10-07 11:13:41,182 - Module.BaseStation - ERROR - Ошибка обновления модуля BaseStation
2025-10-07 11:13:41,189 - Module.BaseStation - ERROR - Ошибка обновления модуля BaseStation
2025-10-07 11:13:41,195 - Module.BaseStation - ERROR - Ошибка обновления модуля BaseStation
2025-10-07 11:13:41,202 - Module.BaseStation - ERROR - Ошибка обновления модуля BaseStation
2025-10-07 11:13:41,208 - Module.BaseStation - ERROR - Ошибка обновления модуля BaseStation
2025-10-07 11:13:41,215 - Module.BaseStation - ERROR - Ошибка обновления модуля BaseStation
2025-10-07 11:13:41,221 - Module.BaseStation - ERROR - Ошибка обновления модуля BaseStation
2025-10-07 11:13:41,228 - Module.BaseStation - ERROR - Ошибка обновления модуля BaseStation
2025-10-07 11:13:41,234 - Module.BaseStation - ERROR - Ошибка обновления модуля BaseStation
2025-10-07 11:13:41,241 - Module.BaseStation - ERROR - Ошибка обновления модуля BaseStation
2025-10-07 11:13:41,248 - Module.BaseStation - ERROR - Ошибка обновления модуля BaseStation
2025-10-07 11:13:41,254 - Module.BaseStation - ERROR - Ошибка обновления модуля BaseStation
2025-10-07 11:13:41,261 - Module.BaseStation - ERROR - Ошибка обновления модуля BaseStation
2025-10-07 11:13:41,267 - Module.BaseStation - ERROR - Ошибка обновления модуля BaseStation
2025-10-07 11:13:41,274 - Module.BaseStation - ERROR - Ошибка обновления модуля BaseStation
2025-10-07 11:13:41,281 - Module.BaseStation - ERROR - Ошибка обновления модуля BaseStation
2025-10-07 11:13:41,287 - Module.BaseStation - ERROR - Ошибка обновления модуля BaseStation
2025-10-07 11:13:41,294 - Module.BaseStation - ERROR - Ошибка обновления модуля BaseStation
2025-10-07 11:13:41,300 - Module.BaseStation - ERROR - Ошибка обновления модуля BaseStation
2025-10-07 11:13:41,307 - Module.BaseStation - ERROR - Ошибка обновления модуля BaseStation
2025-10-07 11:13:41,314 - Module.BaseStation - ERROR - Ошибка обновления модуля BaseStation
2025-10-07 11:13:41,321 - Module.BaseStation - ERROR - Ошибка обновления модуля BaseStation
2025-10-07 11:13:41,327 - Module.BaseStation - ERROR - Ошибка обновления модуля BaseStation
2025-10-07 11:13:41,334 - Module.BaseStation - ERROR - Ошибка обновления модуля BaseStation
2025-10-07 11:13:41,340 - Module.BaseStation - ERROR - Ошибка обновления модуля BaseStation
2025-10-07 11:13:41,347 - Module.BaseStation - ERROR - Ошибка обновления модуля BaseStation
2025-10-07 11:13:41,353 - Module.BaseStation - ERROR - Ошибка обновления модуля BaseStation
2025-10-07 11:13:41,360 - Module.BaseStation - ERROR - Ошибка обновления модуля BaseStation
2025-10-07 11:13:41,367 - Module.BaseStation - ERROR - Ошибка обновления модуля BaseStation
2025-10-07 11:13:41,373 - Module.BaseStation - ERROR - Ошибка обновления модуля BaseStation
2025-10-07 11:13:41,380 - Module.BaseStation - ERROR - Ошибка обновления модуля BaseStation
2025-10-07 11:13:41,386 - Module.BaseStation - ERROR - Ошибка обновления модуля BaseStation
2025-10-07 11:13:41,393 - Module.BaseStation - ERROR - Ошибка обновления модуля BaseStation
2025-10-07 11:13:41,400 - Module.BaseStation - ERROR - Ошибка обновления модуля BaseStation
2025-10-07 11:13:41,407 - Module.BaseStation - ERROR - Ошибка обновления модуля BaseStation
2025-10-07 11:13:41,414 - Module.BaseStation - ERROR - Ошибка обновления модуля BaseStation
2025-10-07 11:13:41,420 - Module.BaseStation - ERROR - Ошибка обновления модуля BaseStation
2025-10-07 11:13:41,427 - Module.BaseStation - ERROR - Ошибка обновления модуля BaseStation
2025-10-07 11:13:41,434 - Module.BaseStation - ERROR - Ошибка обновления модуля BaseStation
2025-10-07 11:13:41,441 - Module.BaseStation - ERROR - Ошибка обновления модуля BaseStation
2025-10-07 11:13:41,448 - Module.BaseStation - ERROR - Ошибка обновления модуля BaseStation
2025-10-07 11:13:41,455 - Module.BaseStation - ERROR - Ошибка обновления модуля BaseStation
2025-10-07 11:13:41,462 - Module.BaseStation - ERROR - Ошибка обновления модуля BaseStation
2025-10-07 11:13:41,468 - Module.BaseStation - ERROR - Ошибка обновления модуля BaseStation
2025-10-07 11:13:41,475 - Module.BaseStation - ERROR - Ошибка обновления модуля BaseStation
2025-10-07 11:13:41,481 - Module.BaseStation - ERROR - Ошибка обновления модуля BaseStation
2025-10-07 11:13:41,488 - Module.BaseStation - ERROR - Ошибка обновления модуля BaseStation
2025-10-07 11:13:41,495 - Module.BaseStation - ERROR - Ошибка обновления модуля BaseStation
2025-10-07 11:13:41,505 - Module.BaseStation - ERROR - Ошибка обновления модуля BaseStation
2025-10-07 11:13:41,511 - Module.BaseStation - ERROR - Ошибка обновления модуля BaseStation
2025-10-07 11:13:41,518 - Module.BaseStation - ERROR - Ошибка обновления модуля BaseStation
2025-10-07 11:13:41,525 - Module.BaseStation - ERROR - Ошибка обновления модуля BaseStation
2025-10-07 11:13:41,531 - Module.BaseStation - ERROR - Ошибка обновления модуля BaseStation
2025-10-07 11:13:41,538 - Module.BaseStation - ERROR - Ошибка обновления модуля BaseStation
2025-10-07 11:13:41,544 - Module.BaseStation - ERROR - Ошибка обновления модуля BaseStation
2025-10-07 11:13:41,551 - Module.BaseStation - ERROR - Ошибка обновления модуля BaseStation
2025-10-07 11:13:41,557 - Module.BaseStation - ERROR - Ошибка обновления модуля BaseStation
2025-10-07 11:13:41,564 - Module.BaseStation - ERROR - Ошибка обновления модуля BaseStation
2025-10-07 11:13:41,570 - Module.BaseStation - ERROR - Ошибка обновления модуля BaseStation
2025-10-07 11:13:41,577 - Module.BaseStation - ERROR - Ошибка обновления модуля BaseStation
2025-10-07 11:13:41,584 - Module.BaseStation - ERROR - Ошибка обновления модуля BaseStation
2025-10-07 11:13:41,591 - Module.BaseStation - ERROR - Ошибка обновления модуля BaseStation
2025-10-07 11:13:41,597 - Module.BaseStation - ERROR - Ошибка обновления модуля BaseStation
2025-10-07 11:13:41,604 - Module.BaseStation - ERROR - Ошибка обновления модуля BaseStation
2025-10-07 11:13:41,611 - Module.BaseStation - ERROR - Ошибка обновления модуля BaseStation
2025-10-07 11:13:41,623 - Module.BaseStation - ERROR - Ошибка обновления модуля BaseStation
2025-10-07 11:13:41,640 - Module.BaseStation - ERROR - Ошибка обновления модуля BaseStation
2025-10-07 11:13:41,648 - Module.BaseStation - ERROR - Ошибка обновления модуля BaseStation
2025-10-07 11:13:41,655 - Module.BaseStation - ERROR - Ошибка обновления модуля BaseStation
2025-10-07 11:13:41,661 - Module.BaseStation - ERROR - Ошибка обновления модуля BaseStation
2025-10-07 11:13:41,668 - Module.BaseStation - ERROR - Ошибка обновления модуля BaseStation
2025-10-07 11:13:41,674 - Module.BaseStation - ERROR - Ошибка обновления модуля BaseStation
2025-10-07 11:13:41,681 - Module.BaseStation - ERROR - Ошибка обновления модуля BaseStation
2025-10-07 11:13:41,687 - Module.BaseStation - ERROR - Ошибка обновления модуля BaseStation
2025-10-07 11:13:41,694 - Module.BaseStation - ERROR - Ошибка обновления модуля BaseStation
2025-10-07 11:13:41,700 - Module.BaseStation - ERROR - Ошибка обновления модуля BaseStation
2025-10-07 11:13:41,707 - Module.BaseStation - ERROR - Ошибка обновления модуля BaseStation
2025-10-07 11:13:41,714 - Module.BaseStation - ERROR - Ошибка обновления модуля BaseStation
2025-10-07 11:13:41,720 - Module.BaseStation - ERROR - Ошибка обновления модуля BaseStation
2025-10-07 11:13:41,727 - Module.BaseStation - ERROR - Ошибка обновления модуля BaseStation
2025-10-07 11:13:41,734 - Module.BaseStation - ERROR - Ошибка обновления модуля BaseStation
2025-10-07 11:13:41,740 - Module.BaseStation - ERROR - Ошибка обновления модуля BaseStation
2025-10-07 11:13:41,747 - Module.BaseStation - ERROR - Ошибка обновления модуля BaseStation
2025-10-07 11:13:41,754 - Module.BaseStation - ERROR - Ошибка обновления модуля BaseStation
2025-10-07 11:13:41,760 - Module.BaseStation - ERROR - Ошибка обновления модуля BaseStation
2025-10-07 11:13:41,767 - Module.BaseStation - ERROR - Ошибка обновления модуля BaseStation
2025-10-07 11:13:41,774 - Module.BaseStation - ERROR - Ошибка обновления модуля BaseStation
2025-10-07 11:13:41,781 - Module.BaseStation - ERROR - Ошибка обновления модуля BaseStation
2025-10-07 11:13:41,788 - Module.BaseStation - ERROR - Ошибка обновления модуля BaseStation
2025-10-07 11:13:41,816 - Module.BaseStation - ERROR - Ошибка обновления модуля BaseStation
2025-10-07 11:13:41,860 - Module.BaseStation - ERROR - Ошибка обновления модуля BaseStation
2025-10-07 11:13:41,875 - Module.BaseStation - ERROR - Ошибка обновления модуля BaseStation
2025-10-07 11:13:41,882 - Module.BaseStation - ERROR - Ошибка обновления модуля BaseStation
2025-10-07 11:13:41,889 - Module.BaseStation - ERROR - Ошибка обновления модуля BaseStation
2025-10-07 11:13:41,896 - Module.BaseStation - ERROR - Ошибка обновления модуля BaseStation
2025-10-07 11:13:41,907 - Module.BaseStation - ERROR - Ошибка обновления модуля BaseStation
2025-10-07 11:13:41,914 - Module.BaseStation - ERROR - Ошибка обновления модуля BaseStation
2025-10-07 11:13:41,921 - Module.BaseStation - ERROR - Ошибка обновления модуля BaseStation
2025-10-07 11:13:41,928 - Module.BaseStation - ERROR - Ошибка обновления модуля BaseStation
2025-10-07 11:13:41,935 - Module.BaseStation - ERROR - Ошибка обновления модуля BaseStation
2025-10-07 11:13:41,942 - Module.BaseStation - ERROR - Ошибка обновления модуля BaseStation
2025-10-07 11:13:41,948 - Module.BaseStation - ERROR - Ошибка обновления модуля BaseStation
2025-10-07 11:13:41,955 - Module.BaseStation - ERROR - Ошибка обновления модуля BaseStation
2025-10-07 11:13:41,962 - Module.BaseStation - ERROR - Ошибка обновления модуля BaseStation
2025-10-07 11:13:41,969 - Module.BaseStation - ERROR - Ошибка обновления модуля BaseStation
2025-10-07 11:13:41,975 - Module.BaseStation - ERROR - Ошибка обновления модуля BaseStation
2025-10-07 11:13:41,982 - Module.BaseStation - ERROR - Ошибка обновления модуля BaseStation
2025-10-07 11:13:41,989 - Module.BaseStation - ERROR - Ошибка обновления модуля BaseStation
2025-10-07 11:13:41,995 - Module.BaseStation - ERROR - Ошибка обновления модуля BaseStation
2025-10-07 11:13:42,002 - Module.BaseStation - ERROR - Ошибка обновления модуля BaseStation
2025-10-07 11:13:42,009 - Module.BaseStation - ERROR - Ошибка обновления модуля BaseStation
2025-10-07 11:13:42,015 - Module.BaseStation - ERROR - Ошибка обновления модуля BaseStation
2025-10-07 11:13:42,022 - Module.BaseStation - ERROR - Ошибка обновления модуля BaseStation
2025-10-07 11:13:42,029 - Module.BaseStation - ERROR - Ошибка обновления модуля BaseStation
2025-10-07 11:13:42,035 - Module.BaseStation - ERROR - Ошибка обновления модуля BaseStation
2025-10-07 11:13:42,042 - Module.BaseStation - ERROR - Ошибка обновления модуля BaseStation
2025-10-07 11:13:42,049 - Module.BaseStation - ERROR - Ошибка обновления модуля BaseStation
2025-10-07 11:13:42,055 - Module.BaseStation - ERROR - Ошибка обновления модуля BaseStation
2025-10-07 11:13:42,062 - Module.BaseStation - ERROR - Ошибка обновления модуля BaseStation
2025-10-07 11:13:42,068 - Module.BaseStation - ERROR - Ошибка обновления модуля BaseStation
2025-10-07 11:13:42,127 - Module.BaseStation - ERROR - Ошибка обновления модуля BaseStation
2025-10-07 11:13:42,134 - Module.BaseStation - ERROR - Ошибка обновления модуля BaseStation
2025-10-07 11:13:42,146 - Module.BaseStation - ERROR - Ошибка обновления модуля BaseStation
2025-10-07 11:13:42,154 - Module.BaseStation - ERROR - Ошибка обновления модуля BaseStation
2025-10-07 11:13:42,161 - Module.BaseStation - ERROR - Ошибка обновления модуля BaseStation
2025-10-07 11:13:42,168 - Module.BaseStation - ERROR - Ошибка обновления модуля BaseStation
2025-10-07 11:13:42,176 - Module.BaseStation - ERROR - Ошибка обновления модуля BaseStation
2025-10-07 11:13:42,185 - Module.BaseStation - ERROR - Ошибка обновления модуля BaseStation
2025-10-07 11:13:42,191 - Module.BaseStation - ERROR - Ошибка обновления модуля BaseStation
2025-10-07 11:13:42,198 - Module.BaseStation - ERROR - Ошибка обновления модуля BaseStation
2025-10-07 11:13:42,204 - Module.BaseStation - ERROR - Ошибка обновления модуля BaseStation
2025-10-07 11:13:42,211 - Module.BaseStation - ERROR - Ошибка обновления модуля BaseStation
2025-10-07 11:13:42,218 - Module.BaseStation - ERROR - Ошибка обновления модуля BaseStation
2025-10-07 11:13:42,224 - Module.BaseStation - ERROR - Ошибка обновления модуля BaseStation
2025-10-07 11:13:42,231 - Module.BaseStation - ERROR - Ошибка обновления модуля BaseStation
2025-10-07 11:13:42,237 - Module.BaseStation - ERROR - Ошибка обновления модуля BaseStation
2025-10-07 11:13:42,244 - Module.BaseStation - ERROR - Ошибка обновления модуля BaseStation
2025-10-07 11:13:42,250 - Module.BaseStation - ERROR - Ошибка обновления модуля BaseStation
2025-10-07 11:13:42,257 - SimulationCoordinator - INFO - Остановка симуляции
2025-10-07 11:13:42,257 - Module.BaseStation - INFO - Модуль BaseStation остановлен
2025-10-07 11:13:42,257 - SimulationCoordinator - INFO - Модуль BaseStation остановлен
2025-10-07 11:13:42,257 - Module.ResourceGrid - INFO - Модуль ResourceGrid остановлен
2025-10-07 11:13:42,257 - SimulationCoordinator - INFO - Модуль ResourceGrid остановлен
2025-10-07 11:13:42,257 - Module.ChannelModel_UMi - INFO - Модуль ChannelModel_UMi остановлен
2025-10-07 11:13:42,257 - SimulationCoordinator - INFO - Модуль ChannelModel остановлен
2025-10-07 11:13:42,257 - Module.MobilityModel_RandomWalk - INFO - Модуль MobilityModel_RandomWalk остановлен
2025-10-07 11:13:42,257 - SimulationCoordinator - INFO - Модуль MobilityModel остановлен
2025-10-07 11:13:42,257 - Module.TrafficModel_Poisson - INFO - Модуль TrafficModel_Poisson остановлен
2025-10-07 11:13:42,257 - SimulationCoordinator - INFO - Модуль TrafficModel остановлен
2025-10-07 11:13:42,258 - Module.Scheduler_RoundRobin - INFO - Модуль Scheduler_RoundRobin остановлен
2025-10-07 11:13:42,258 - SimulationCoordinator - INFO - Модуль Scheduler остановлен
2025-10-07 11:13:42,258 - Module.UE_1 - INFO - Модуль UE_1 остановлен
2025-10-07 11:13:42,258 - SimulationCoordinator - INFO - Модуль UE_1 остановлен
2025-10-07 11:13:42,258 - Module.UE_2 - INFO - Модуль UE_2 остановлен
2025-10-07 11:13:42,258 - SimulationCoordinator - INFO - Модуль UE_2 остановлен
2025-10-07 11:13:42,258 - Module.UE_3 - INFO - Модуль UE_3 остановлен
2025-10-07 11:13:42,258 - SimulationCoordinator - INFO - Модуль UE_3 остановлен
2025-10-07 11:13:42,273 - SimulationCoordinator - INFO - Метрики сохранены в example_simulation_metrics.json
2025-10-07 11:13:42,273 - SimulationCoordinator - INFO - Симуляция остановлена
2025-10-07 11:17:32,475 - SimulationCoordinator - INFO - Модуль BaseStation зарегистрирован
2025-10-07 11:17:32,481 - SimulationCoordinator - INFO - Модуль ResourceGrid зарегистрирован
2025-10-07 11:17:32,482 - SimulationCoordinator - INFO - Модуль CustomChannelModel зарегистрирован
2025-10-07 11:17:32,482 - SimulationCoordinator - INFO - Модуль MobilityModel зарегистрирован
2025-10-07 11:17:32,482 - SimulationCoordinator - INFO - Модуль TrafficModel зарегистрирован
2025-10-07 11:17:32,482 - SimulationCoordinator - INFO - Модуль Scheduler зарегистрирован
2025-10-07 11:17:32,522 - SimulationCoordinator - INFO - Модуль UE_1 зарегистрирован
2025-10-07 11:17:32,522 - SimulationCoordinator - INFO - Модуль UE_2 зарегистрирован
2025-10-07 11:17:32,523 - SimulationCoordinator - INFO - Модуль UE_3 зарегистрирован
2025-10-07 11:17:32,523 - SimulationCoordinator - INFO - Модуль UE_4 зарегистрирован
2025-10-07 11:17:32,523 - SimulationCoordinator - INFO - Модуль UE_5 зарегистрирован
2025-10-07 11:17:32,523 - SimulationCoordinator - INFO - Начало инициализации симуляции
2025-10-07 11:17:32,523 - Module.BaseStation - INFO - Модуль BaseStation инициализирован
2025-10-07 11:17:32,523 - SimulationCoordinator - INFO - Модуль BaseStation инициализирован
2025-10-07 11:17:32,523 - Module.ResourceGrid - INFO - Модуль ResourceGrid инициализирован
2025-10-07 11:17:32,523 - SimulationCoordinator - INFO - Модуль ResourceGrid инициализирован
2025-10-07 11:17:32,523 - Module.CustomChannelModel - INFO - Инициализация кастомной модели канала
2025-10-07 11:17:32,523 - Module.CustomChannelModel - INFO - Модуль CustomChannelModel инициализирован
2025-10-07 11:17:32,523 - SimulationCoordinator - INFO - Модуль CustomChannelModel инициализирован
2025-10-07 11:17:32,523 - Module.MobilityModel_RandomWalk - INFO - Модуль MobilityModel_RandomWalk инициализирован
2025-10-07 11:17:32,523 - SimulationCoordinator - INFO - Модуль MobilityModel инициализирован
2025-10-07 11:17:32,523 - Module.TrafficModel_Poisson - INFO - Модуль TrafficModel_Poisson инициализирован
2025-10-07 11:17:32,523 - SimulationCoordinator - INFO - Модуль TrafficModel инициализирован
2025-10-07 11:17:32,523 - Module.Scheduler_ProportionalFair - INFO - Модуль Scheduler_ProportionalFair инициализирован
2025-10-07 11:17:32,524 - SimulationCoordinator - INFO - Модуль Scheduler инициализирован
2025-10-07 11:17:32,524 - Module.UE_1 - INFO - Модуль UE_1 инициализирован
2025-10-07 11:17:32,524 - SimulationCoordinator - INFO - Модуль UE_1 инициализирован
2025-10-07 11:17:32,524 - Module.UE_2 - INFO - Модуль UE_2 инициализирован
2025-10-07 11:17:32,524 - SimulationCoordinator - INFO - Модуль UE_2 инициализирован
2025-10-07 11:17:32,524 - Module.UE_3 - INFO - Модуль UE_3 инициализирован
2025-10-07 11:17:32,524 - SimulationCoordinator - INFO - Модуль UE_3 инициализирован
2025-10-07 11:17:32,524 - Module.UE_4 - INFO - Модуль UE_4 инициализирован
2025-10-07 11:17:32,524 - SimulationCoordinator - INFO - Модуль UE_4 инициализирован
2025-10-07 11:17:32,525 - Module.UE_5 - INFO - Модуль UE_5 инициализирован
2025-10-07 11:17:32,525 - SimulationCoordinator - INFO - Модуль UE_5 инициализирован
2025-10-07 11:17:32,525 - SimulationCoordinator - INFO - Инициализация симуляции завершена
2025-10-07 11:17:32,525 - SimulationCoordinator - INFO - Запуск симуляции на 10000 мс
2025-10-07 11:17:32,525 - Module.BaseStation - INFO - Модуль BaseStation запущен
2025-10-07 11:17:32,525 - SimulationCoordinator - INFO - Модуль BaseStation запущен
2025-10-07 11:17:32,525 - Module.ResourceGrid - INFO - Модуль ResourceGrid запущен
2025-10-07 11:17:32,526 - SimulationCoordinator - INFO - Модуль ResourceGrid запущен
2025-10-07 11:17:32,526 - Module.CustomChannelModel - INFO - Запуск кастомной модели канала
2025-10-07 11:17:32,526 - Module.CustomChannelModel - INFO - Модуль CustomChannelModel запущен
2025-10-07 11:17:32,526 - SimulationCoordinator - INFO - Модуль CustomChannelModel запущен
2025-10-07 11:17:32,526 - Module.MobilityModel_RandomWalk - INFO - Модуль MobilityModel_RandomWalk запущен
2025-10-07 11:17:32,526 - SimulationCoordinator - INFO - Модуль MobilityModel запущен
2025-10-07 11:17:32,526 - Module.TrafficModel_Poisson - INFO - Модуль TrafficModel_Poisson запущен
2025-10-07 11:17:32,526 - SimulationCoordinator - INFO - Модуль TrafficModel запущен
2025-10-07 11:17:32,526 - Module.Scheduler_ProportionalFair - INFO - Модуль Scheduler_ProportionalFair запущен
2025-10-07 11:17:32,526 - SimulationCoordinator - INFO - Модуль Scheduler запущен
2025-10-07 11:17:32,527 - Module.UE_1 - INFO - Модуль UE_1 запущен
2025-10-07 11:17:32,527 - SimulationCoordinator - INFO - Модуль UE_1 запущен
2025-10-07 11:17:32,527 - Module.UE_2 - INFO - Модуль UE_2 запущен
2025-10-07 11:17:32,527 - SimulationCoordinator - INFO - Модуль UE_2 запущен
2025-10-07 11:17:32,527 - Module.UE_3 - INFO - Модуль UE_3 запущен
2025-10-07 11:17:32,527 - SimulationCoordinator - INFO - Модуль UE_3 запущен
2025-10-07 11:17:32,527 - Module.UE_4 - INFO - Модуль UE_4 запущен
2025-10-07 11:17:32,527 - SimulationCoordinator - INFO - Модуль UE_4 запущен
2025-10-07 11:17:32,527 - Module.UE_5 - INFO - Модуль UE_5 запущен
2025-10-07 11:17:32,527 - SimulationCoordinator - INFO - Модуль UE_5 запущен
2025-10-07 14:06:49,898 - SimulationCoordinator - INFO - Модуль BaseStation зарегистрирован
2025-10-07 14:06:49,904 - SimulationCoordinator - INFO - Модуль ResourceGrid зарегистрирован
2025-10-07 14:06:49,904 - SimulationCoordinator - INFO - Модуль CustomChannelModel зарегистрирован
2025-10-07 14:06:49,904 - SimulationCoordinator - INFO - Модуль MobilityModel зарегистрирован
2025-10-07 14:06:49,904 - SimulationCoordinator - INFO - Модуль TrafficModel зарегистрирован
2025-10-07 14:06:49,904 - SimulationCoordinator - INFO - Модуль Scheduler зарегистрирован
2025-10-07 14:06:49,940 - SimulationCoordinator - INFO - Модуль UE_1 зарегистрирован
2025-10-07 14:06:49,940 - SimulationCoordinator - INFO - Модуль UE_2 зарегистрирован
2025-10-07 14:06:49,941 - SimulationCoordinator - INFO - Модуль UE_3 зарегистрирован
2025-10-07 14:06:49,941 - SimulationCoordinator - INFO - Модуль UE_4 зарегистрирован
2025-10-07 14:06:49,941 - SimulationCoordinator - INFO - Модуль UE_5 зарегистрирован
2025-10-07 14:06:49,941 - SimulationCoordinator - INFO - Начало инициализации симуляции
2025-10-07 14:06:49,941 - Module.BaseStation - INFO - Модуль BaseStation инициализирован
2025-10-07 14:06:49,941 - SimulationCoordinator - INFO - Модуль BaseStation инициализирован
2025-10-07 14:06:49,941 - Module.ResourceGrid - INFO - Модуль ResourceGrid инициализирован
2025-10-07 14:06:49,941 - SimulationCoordinator - INFO - Модуль ResourceGrid инициализирован
2025-10-07 14:06:49,941 - Module.CustomChannelModel - INFO - Инициализация кастомной модели канала
2025-10-07 14:06:49,941 - Module.CustomChannelModel - INFO - Модуль CustomChannelModel инициализирован
2025-10-07 14:06:49,943 - SimulationCoordinator - INFO - Модуль CustomChannelModel инициализирован
2025-10-07 14:06:49,943 - Module.MobilityModel_RandomWalk - INFO - Модуль MobilityModel_RandomWalk инициализирован
2025-10-07 14:06:49,943 - SimulationCoordinator - INFO - Модуль MobilityModel инициализирован
2025-10-07 14:06:49,943 - Module.TrafficModel_Poisson - INFO - Модуль TrafficModel_Poisson инициализирован
2025-10-07 14:06:49,943 - SimulationCoordinator - INFO - Модуль TrafficModel инициализирован
2025-10-07 14:06:49,943 - Module.Scheduler_ProportionalFair - INFO - Модуль Scheduler_ProportionalFair инициализирован
2025-10-07 14:06:49,944 - SimulationCoordinator - INFO - Модуль Scheduler инициализирован
2025-10-07 14:06:49,944 - Module.UE_1 - INFO - Модуль UE_1 инициализирован
2025-10-07 14:06:49,944 - SimulationCoordinator - INFO - Модуль UE_1 инициализирован
2025-10-07 14:06:49,944 - Module.UE_2 - INFO - Модуль UE_2 инициализирован
2025-10-07 14:06:49,944 - SimulationCoordinator - INFO - Модуль UE_2 инициализирован
2025-10-07 14:06:49,944 - Module.UE_3 - INFO - Модуль UE_3 инициализирован
2025-10-07 14:06:49,944 - SimulationCoordinator - INFO - Модуль UE_3 инициализирован
2025-10-07 14:06:49,944 - Module.UE_4 - INFO - Модуль UE_4 инициализирован
2025-10-07 14:06:49,944 - SimulationCoordinator - INFO - Модуль UE_4 инициализирован
2025-10-07 14:06:49,944 - Module.UE_5 - INFO - Модуль UE_5 инициализирован
2025-10-07 14:06:49,944 - SimulationCoordinator - INFO - Модуль UE_5 инициализирован
2025-10-07 14:06:49,944 - SimulationCoordinator - INFO - Инициализация симуляции завершена
2025-10-07 14:06:49,944 - SimulationCoordinator - INFO - Запуск симуляции на 10000 мс
2025-10-07 14:06:49,944 - Module.BaseStation - INFO - Модуль BaseStation запущен
2025-10-07 14:06:49,944 - SimulationCoordinator - INFO - Модуль BaseStation запущен
2025-10-07 14:06:49,944 - Module.ResourceGrid - INFO - Модуль ResourceGrid запущен
2025-10-07 14:06:49,944 - SimulationCoordinator - INFO - Модуль ResourceGrid запущен
2025-10-07 14:06:49,945 - Module.CustomChannelModel - INFO - Запуск кастомной модели канала
2025-10-07 14:06:49,945 - Module.CustomChannelModel - INFO - Модуль CustomChannelModel запущен
2025-10-07 14:06:49,945 - SimulationCoordinator - INFO - Модуль CustomChannelModel запущен
2025-10-07 14:06:49,945 - Module.MobilityModel_RandomWalk - INFO - Модуль MobilityModel_RandomWalk запущен
2025-10-07 14:06:49,945 - SimulationCoordinator - INFO - Модуль MobilityModel запущен
2025-10-07 14:06:49,945 - Module.TrafficModel_Poisson - INFO - Модуль TrafficModel_Poisson запущен
2025-10-07 14:06:49,945 - SimulationCoordinator - INFO - Модуль TrafficModel запущен
2025-10-07 14:06:49,945 - Module.Scheduler_ProportionalFair - INFO - Модуль Scheduler_ProportionalFair запущен
2025-10-07 14:06:49,946 - SimulationCoordinator - INFO - Модуль Scheduler запущен
2025-10-07 14:06:49,946 - Module.UE_1 - INFO - Модуль UE_1 запущен
2025-10-07 14:06:49,946 - SimulationCoordinator - INFO - Модуль UE_1 запущен
2025-10-07 14:06:49,946 - Module.UE_2 - INFO - Модуль UE_2 запущен
2025-10-07 14:06:49,946 - SimulationCoordinator - INFO - Модуль UE_2 запущен
2025-10-07 14:06:49,946 - Module.UE_3 - INFO - Модуль UE_3 запущен
2025-10-07 14:06:49,946 - SimulationCoordinator - INFO - Модуль UE_3 запущен
2025-10-07 14:06:49,946 - Module.UE_4 - INFO - Модуль UE_4 запущен
2025-10-07 14:06:49,946 - SimulationCoordinator - INFO - Модуль UE_4 запущен
2025-10-07 14:06:49,946 - Module.UE_5 - INFO - Модуль UE_5 запущен
2025-10-07 14:06:49,946 - SimulationCoordinator - INFO - Модуль UE_5 запущен
2025-10-09 13:55:05,893 - SimulationCoordinator - INFO - Модуль BaseStation зарегистрирован
2025-10-09 13:55:05,897 - SimulationCoordinator - INFO - Модуль ResourceGrid зарегистрирован
2025-10-09 13:55:05,897 - SimulationCoordinator - INFO - Модуль CustomChannelModel зарегистрирован
2025-10-09 13:55:05,897 - SimulationCoordinator - INFO - Модуль MobilityModel зарегистрирован
2025-10-09 13:55:05,897 - SimulationCoordinator - INFO - Модуль TrafficModel зарегистрирован
2025-10-09 13:55:05,898 - SimulationCoordinator - INFO - Модуль Scheduler зарегистрирован
2025-10-09 13:55:05,971 - SimulationCoordinator - INFO - Модуль UE_1 зарегистрирован
2025-10-09 13:55:05,971 - SimulationCoordinator - INFO - Модуль UE_2 зарегистрирован
2025-10-09 13:55:05,971 - SimulationCoordinator - INFO - Модуль UE_3 зарегистрирован
2025-10-09 13:55:05,972 - SimulationCoordinator - INFO - Модуль UE_4 зарегистрирован
2025-10-09 13:55:05,972 - SimulationCoordinator - INFO - Модуль UE_5 зарегистрирован
2025-10-09 13:55:05,972 - SimulationCoordinator - INFO - Начало инициализации симуляции
2025-10-09 13:55:05,972 - Module.BaseStation - INFO - Модуль BaseStation инициализирован
2025-10-09 13:55:05,972 - SimulationCoordinator - INFO - Модуль BaseStation инициализирован
2025-10-09 13:55:05,972 - Module.ResourceGrid - INFO - Модуль ResourceGrid инициализирован
2025-10-09 13:55:05,972 - SimulationCoordinator - INFO - Модуль ResourceGrid инициализирован
2025-10-09 13:55:05,972 - Module.CustomChannelModel - INFO - Инициализация кастомной модели канала
2025-10-09 13:55:05,972 - Module.CustomChannelModel - INFO - Модуль CustomChannelModel инициализирован
2025-10-09 13:55:05,972 - SimulationCoordinator - INFO - Модуль CustomChannelModel инициализирован
2025-10-09 13:55:05,972 - Module.MobilityModel_RandomWalk - INFO - Модуль MobilityModel_RandomWalk инициализирован
2025-10-09 13:55:05,972 - SimulationCoordinator - INFO - Модуль MobilityModel инициализирован
2025-10-09 13:55:05,972 - Module.TrafficModel_Poisson - INFO - Модуль TrafficModel_Poisson инициализирован
2025-10-09 13:55:05,972 - SimulationCoordinator - INFO - Модуль TrafficModel инициализирован
2025-10-09 13:55:05,972 - Module.Scheduler_ProportionalFair - INFO - Модуль Scheduler_ProportionalFair инициализирован
2025-10-09 13:55:05,972 - SimulationCoordinator - INFO - Модуль Scheduler инициализирован
2025-10-09 13:55:05,972 - Module.UE_1 - INFO - Модуль UE_1 инициализирован
2025-10-09 13:55:05,972 - SimulationCoordinator - INFO - Модуль UE_1 инициализирован
2025-10-09 13:55:05,972 - Module.UE_2 - INFO - Модуль UE_2 инициализирован
2025-10-09 13:55:05,972 - SimulationCoordinator - INFO - Модуль UE_2 инициализирован
2025-10-09 13:55:05,972 - Module.UE_3 - INFO - Модуль UE_3 инициализирован
2025-10-09 13:55:05,972 - SimulationCoordinator - INFO - Модуль UE_3 инициализирован
2025-10-09 13:55:05,973 - Module.UE_4 - INFO - Модуль UE_4 инициализирован
2025-10-09 13:55:05,973 - SimulationCoordinator - INFO - Модуль UE_4 инициализирован
2025-10-09 13:55:05,973 - Module.UE_5 - INFO - Модуль UE_5 инициализирован
2025-10-09 13:55:05,973 - SimulationCoordinator - INFO - Модуль UE_5 инициализирован
2025-10-09 13:55:05,973 - SimulationCoordinator - INFO - Инициализация симуляции завершена
2025-10-09 13:55:05,973 - SimulationCoordinator - INFO - Запуск симуляции на 10000 мс
2025-10-09 13:55:05,973 - Module.BaseStation - INFO - Модуль BaseStation запущен
2025-10-09 13:55:05,973 - SimulationCoordinator - INFO - Модуль BaseStation запущен
2025-10-09 13:55:05,973 - Module.ResourceGrid - INFO - Модуль ResourceGrid запущен
2025-10-09 13:55:05,973 - SimulationCoordinator - INFO - Модуль ResourceGrid запущен
2025-10-09 13:55:05,973 - Module.CustomChannelModel - INFO - Запуск кастомной модели канала
2025-10-09 13:55:05,973 - Module.CustomChannelModel - INFO - Модуль CustomChannelModel запущен
2025-10-09 13:55:05,973 - SimulationCoordinator - INFO - Модуль CustomChannelModel запущен
2025-10-09 13:55:05,973 - Module.MobilityModel_RandomWalk - INFO - Модуль MobilityModel_RandomWalk запущен
2025-10-09 13:55:05,973 - SimulationCoordinator - INFO - Модуль MobilityModel запущен
2025-10-09 13:55:05,973 - Module.TrafficModel_Poisson - INFO - Модуль TrafficModel_Poisson запущен
2025-10-09 13:55:05,973 - SimulationCoordinator - INFO - Модуль TrafficModel запущен
2025-10-09 13:55:05,973 - Module.Scheduler_ProportionalFair - INFO - Модуль Scheduler_ProportionalFair запущен
2025-10-09 13:55:05,973 - SimulationCoordinator - INFO - Модуль Scheduler запущен
2025-10-09 13:55:05,973 - Module.UE_1 - INFO - Модуль UE_1 запущен
2025-10-09 13:55:05,973 - SimulationCoordinator - INFO - Модуль UE_1 запущен
2025-10-09 13:55:05,973 - Module.UE_2 - INFO - Модуль UE_2 запущен
2025-10-09 13:55:05,973 - SimulationCoordinator - INFO - Модуль UE_2 запущен
2025-10-09 13:55:05,973 - Module.UE_3 - INFO - Модуль UE_3 запущен
2025-10-09 13:55:05,973 - SimulationCoordinator - INFO - Модуль UE_3 запущен
2025-10-09 13:55:05,973 - Module.UE_4 - INFO - Модуль UE_4 запущен
2025-10-09 13:55:05,973 - SimulationCoordinator - INFO - Модуль UE_4 запущен
2025-10-09 13:55:05,974 - Module.UE_5 - INFO - Модуль UE_5 запущен
2025-10-09 13:55:05,974 - SimulationCoordinator - INFO - Модуль UE_5 запущен
